User_id,Username,Email,Password
1,bduggon0,dpenton0@bluehost.com,$2a$04$cKvtvrYDNHBCnMZF56wE8O2jfDhIRQfIiFLrmDoQSWiLhkiLrAu7m
2,rcrumb1,mharber1@hao123.com,$2a$04$BvAwff7v.XKhr5OlckO6xutjaBGkZQzD54XUyhE.xMr14zmXVT9lS
3,bcosson2,dramsbottom2@devhub.com,$2a$04$M7Mlv00wj5kuL4hiBh17h.W8sxrO5l8vUWBU1syOnJMUk6GCWTl7i
4,nbris3,rsadgrove3@npr.org,$2a$04$O/5CwgUhU5NClbmP69TFSee1UsGx82J28I9wBAFYriVhR4WePAeHC
5,slissandrini4,govise4@stanford.edu,$2a$04$JLgokk1b6Yn9bmxkRlU87ex6FrnmTFujBp4wVcbWjxvVDdlUmQDcm
6,lheaffey5,logilvy5@drupal.org,$2a$04$3PYrQPBYMD55XkBa./4SEO7LrukWwTahQk3V5Uepano7Tw0V6ThS6
7,aniesegen6,hcristofolini6@github.com,$2a$04$gCosF19rwgHxvqz/JPBCG.kDhboFapY7b0boocR05GLU0Vdlvr832
8,lfernihough7,rparrington7@google.com.br,$2a$04$fvLuGIGjjfyohwXEFRH2i.ZYyBeKN/JQMwxqrTkD5NK981KOOQnOW
9,drisdale8,rcopson8@blogger.com,$2a$04$yZVV9LAY5a5DxoY8KeBHp./57ujS816mGY1nugecEUZsBfXEe9fe.
10,blauthian9,ibarbosa9@ebay.co.uk,$2a$04$PN5zY8WQBvboR/wvUGGLLOvkxAWrz9ukevsm5pqsMQWmtn8vgo1de
11,mhoweya,wrailtona@latimes.com,$2a$04$pf/Ar7nkDijbXiBVbfT7jO5qiTgJfsuZ1S9Z66NZZHa/MZgd7HRSO
12,bboddisb,cpoytherasb@redcross.org,$2a$04$Ojhn6vT9QgzCPsNZocguWOmLRN9yj0ZSf9QNXxsZP8g3gBmoMsYwi
13,fbeneditc,mcogswellc@cnet.com,$2a$04$uH/zOrkUre6PCssdvO5dNeJFuEmU9fpaTrd8cBlcJccuuo5xB.Ob.
14,bdumbletond,swolseleyd@bbc.co.uk,$2a$04$HqvvSrm/XG1qJcdpHCYPvu1bDQeXHqZhWpzT0ebU5FnHJkpPr6ATS
15,mstrettelle,bbaynse@live.com,$2a$04$m/uy.cqBQGUzS7DhBrAs5eiek0o/a4px.4LKJ7NT0MJZ4Xk3bzmXW
16,rleadleyf,wtythacottf@webmd.com,$2a$04$VKY5qRQWFBRqfGIiET39fecxvmuWAAHaFYhk0N0zwbT3WutfBRimO
17,acarlettig,jarrowg@cdc.gov,$2a$04$USADwDUHTnrYXklJt8xUK.i6Ih7QP.3hCU.PoIzYv9fbsWVJ30KlO
18,hwansburyh,ccoopmanh@nhs.uk,$2a$04$69BhWFSkTxNbLhxW.G4zwuyEa7aTAuVYZ1J4eJNpOv.DG.ZHh4CRa
19,dgahani,lvigeri@nydailynews.com,$2a$04$kR.jPhJqQy1wo1te3zI/0u346KFKqzsCY2VsZhSPWXWzcsYXaS4jK
20,emcgarviej,mlockhartj@dropbox.com,$2a$04$Pys7WsnDZ6gUGyM2ppvdnekDqaNlFIum4O1aljLnKRwjByLYs2Joy
21,ecoushek,ndecopemank@indiatimes.com,$2a$04$f2tXrhkhzrsMnsoejkErwu4LVB2XeH1JVEujsSa56mRLYWZgJIu.a
22,ecoodel,aearnshawl@webeden.co.uk,$2a$04$pG1ax7m3l9xLTPUPytZf5eWmEuu5PHwb27uWgAf6WGzL2VhQvT75S
23,sfulleylovem,sscaicem@cam.ac.uk,$2a$04$Lr2Fa9HFpOZZkmYObc5aquBTd72jdaqYtLXdS2nlxEGZ6YkfI97Cq
24,rmaciaszczykn,atrouncern@hugedomains.com,$2a$04$AFJX8fMRVTDuIuFuD.oXpOKHiHE9yIRtZdvU4fnOmSzV4D4.l70LC
25,fmiccoo,cayersto@nationalgeographic.com,$2a$04$7hKQ/qxj0SkOatZbg8sqeeZx2NIbmYnKZaXSsfRPM/NBe0VQ9g4Ke
26,rcymperp,klynskeyp@com.com,$2a$04$j2TVt8SA3ZpJ8xv6Y7Hqj.3E4pqKessq8IQ80JPdrWputru5hossy
27,lfitchewq,nsellekq@jiathis.com,$2a$04$hHDktP583Ii2zmh9RTGCRO8xTNBqWu.r0R929EEvtqS5j.27J/PuG
28,gtilberryr,splackstoner@google.ca,$2a$04$OrEfl81FOy6uGTxJ8CZTxuphSu.8gzrDeR8wOdaS4DfL4IoGJWz4K
29,mringss,aberes@weather.com,$2a$04$wXkfmqhtMHKnc23exlfhY.snUJF8yebiGysasW165LR9c3vQ97cAy
30,wthomsont,mwhiskerdt@twitter.com,$2a$04$p/5awPMqgbxVGfC4LvslW.UD40wZ5b9D3NG478PpRWYQ5ddHLbwhe
31,sbordisu,pgainsefordu@fc2.com,$2a$04$ULg3rWxTE1BT2Yv/Kb5i.OjH1Gk0hRTKvnFMmFidsItKz2sb.AEFu
32,dpeltzv,mgivev@4shared.com,$2a$04$DbWcJoNiYKg1FrqbD0nlSOhgKZ6Z3NtabTDZft.myOJ1jhwA/nVV.
33,ahebburnw,otesimonw@rakuten.co.jp,$2a$04$MYqtIlCqG1373rhmd1ZzIeZr.cLLoG3hINPHi8/AnETlup2Ek3b.q
34,fbeminsterx,rthunnerclefx@a8.net,$2a$04$tu680v9oUCt/PcEmg9ysqe104w/fIsuQul2goJ2xJ/wlZ2ThvrmgG
35,mnindy,nhechliny@dailymotion.com,$2a$04$LgtKkDy09ahGFgURqGLL9u93dm.NCD1C9ze7DJjOHlw5cv5REj8Da
36,bneenanz,acaselickz@privacy.gov.au,$2a$04$OjSYb6RT1I7Rwd2Y.XCbWeHXxzQ7xdDY5YmPRuQ.Xizx3NwO51O0O
37,dgoodin10,rgerred10@oakley.com,$2a$04$aXWoBU67PTpLvDO7z5TeXeP9Wqv8mMn1eLTDa.qNFndsQqmQ99N/i
38,mpallaske11,aguilloton11@pagesperso-orange.fr,$2a$04$XeFVaQt5xGMlPUQJV/Ed6uhl6pzvt7zGUI3vfS.t5UUhLWWovwh2W
39,omedeway12,cmunt12@nytimes.com,$2a$04$dAowBZB6Kj6sDCANPB7Jruntxyk1GaPsnk8.vpPL4d5cUobGLGLxK
40,igosford13,osparke13@cnn.com,$2a$04$2sAC.88CIFTh2FKHy6IbEOhZTilHqvCQ2/dyoWaboYq1NBWp4avKq
41,ptitchard14,mtwitching14@reference.com,$2a$04$MSdAtRNfZyZjRAY5CKEFHeL8KXtODBMW6WYxt1sHSWIUtoH4jwTWe
42,kswale15,amccrisken15@skyrock.com,$2a$04$NZGk91EwnmzB89vOc3IPROb52ZePJXRlWwUW5EffyiUHKOhOD8AKS
43,wlarmour16,vkelsall16@hugedomains.com,$2a$04$rYf5KKUKtomMqGwdXeaxA.rwh/YFFF1rh0GvaymNeifrjbTCD/6pu
44,kpernell17,dtoleman17@ftc.gov,$2a$04$4zeZWu05KYANYeLFlTpOw.MUStpY7mt9nWlTrHd6k94O/jKS7aHJ.
45,obaglow18,dnutt18@walmart.com,$2a$04$Jlf0cNq7AX3TPdxj6NI6bO2gedfBDQYyliyvFJ22aGoyl5JEJJyUe
46,ctennison19,bnannoni19@icq.com,$2a$04$H.wXPcooc/LbA/kmi4llVOIzWCb.m3UFMg39X8FTs8L6NPrC4r6uO
47,csprague1a,ctanswill1a@columbia.edu,$2a$04$v2OkHEfCVIILKuPXkxvdTen7vTPTMM2av3qep/ALtRasPj1ZTmwQe
48,hbeckson1b,mmcgarry1b@google.com.au,$2a$04$NC816KL5OaVdNVGUGmkniOSj1GGSGcFFmeeC5shkMgp0NsHEmAtuC
49,kledgerton1c,elomax1c@home.pl,$2a$04$cojmy0vtyioUZp44Fq.Zpeh055qgMf930mm148atOEmIEN1fOXwMS
50,gcornelisse1d,cglenny1d@icq.com,$2a$04$Rn7eqE2RMhVPZfNjFhHwlegcj7cdV4ESdwc3Wqc4r7dp/PcXU9o8.
51,nloges1e,sholleran1e@goodreads.com,$2a$04$2CvzER2lN44bcE6.HGjWxezmc4i5gsbberTezysiJ7C/5sQN3tvDS
52,kmacconachy1f,rwilmington1f@g.co,$2a$04$oHuzZl.usDzZ9Kaks9ZO6.C8.ZAWa9Ky9nH5yCZ3FuxcUjMXpsCi.
53,amenlow1g,fruzek1g@lycos.com,$2a$04$w7bDS/leTYXtwHVX5qG4gOcpLMZS1ZV1CW.L0itk0tFPikK3bNqDy
54,ggrahl1h,mklempke1h@people.com.cn,$2a$04$FAxxCEbQ8xwOs7sXBOfCZupWKEZg2Hr8QB9BfS1SIEqaaXgJgjyyW
55,bburdin1i,dbaigent1i@usgs.gov,$2a$04$9j7f6mmhEFgOWaxn8faISeo/2LdEsfo8RLq7wkTRIM4pKFsbqHdLa
56,jharlett1j,vmaybury1j@last.fm,$2a$04$Shy1KQUvdYS7qimVeN.qXOfRpZOidzBUjo0DB4QLO21j4SfJmTuFi
57,ddurram1k,ccroxley1k@chron.com,$2a$04$7tkpnmrrCQjNNd8R9MnIVeTUMQgTkgKJn35T7IgSU/tot3Tet.NyO
58,fthombleson1l,ltitman1l@twitter.com,$2a$04$0gWj6SXU6x8qUBJDE/VSR.DDpxOw04BcZtxQVd/7NWXKXwE4tx3P.
59,ndebill1m,nfields1m@stumbleupon.com,$2a$04$MMa4ZxKquMzKhTYnOAm2/ulglLX3JwqAJDigB3xq5uEegDrlMGALW
60,agrindley1n,nroyle1n@howstuffworks.com,$2a$04$PXMhI0kkFVQXwGwahsk.SO2.ow6wSqY8zGlJdfXs6BJ9.zeXifttS
61,tdearden1o,soffener1o@tinyurl.com,$2a$04$5IrzeXq.yJ/VCT.bXbNtn.epeaFTNXovE5hq.91pRf.InenPCEQKy
62,amandres1p,pbrownlee1p@reverbnation.com,$2a$04$Pzce5v08.BCHB.2RVASA2..qT.f7g89Z/W01I4FKSC9rdde/1mCSe
63,ocasillas1q,wcalverd1q@plala.or.jp,$2a$04$z.PTXdEhnyW9zQ.SoIELLe8mOKeqOHA3wIb4fqYDbl1a3b9FB2gxW
64,rcharrington1r,bgovinlock1r@meetup.com,$2a$04$fkiGULCPVrwEnC49GMWFCeqOBrImZifGdpOdb8PCqrHf3NLrXr7NW
65,dbreedy1s,fdevries1s@gov.uk,$2a$04$unT2I3GF5lwWkpgCjfrEwebuECrVqlYWhWue7lS3AUSpfOWO4PUo.
66,jmcartan1t,dmarns1t@wikipedia.org,$2a$04$0jJWn6GDR7f1sowgh61E1uneMAr9kRPmhC4UmPp8Em8P5CP5B4rdG
67,nderl1u,dcockcroft1u@smugmug.com,$2a$04$JVeHFvdRpJPivyV6kwFz3.ENoe16qHv07bGKS.xGVeEE8o1/xIbwm
68,lharrisson1v,aharesnaip1v@seesaa.net,$2a$04$G4ZjORLhvx9SpQgIcyJdsONIiZEErOEr3Qv9pe.1nNbt8Ggi//0JG
69,jbassett1w,fgravenell1w@sun.com,$2a$04$xMDJ9TfV66bNc1VsegZY5u/ojFO0qd8kjw3VicQXWR5UVhqrg18E2
70,tstandbridge1x,tsandry1x@kickstarter.com,$2a$04$uq1ZP3iSG8RMyiqRCXq6AOtzyYcrFb5PeNUv2RmXuD4jkUGf/Lzly
71,lsant1y,bgritsaev1y@canalblog.com,$2a$04$hYgLyCQl3J0GF49NBFNlbOYWq2H0.2as4.hjAQbDZSZDHIZTLxw3W
72,sstollman1z,jstanlick1z@youtu.be,$2a$04$Lal6B4IEwZld7PwBb4C5R.nqobidSCYqwRD/iPL/DY1uDMi.eToie
73,jronald20,ceglese20@moonfruit.com,$2a$04$qoQAStWspYrARqLeYfnLruHM91hN9BDBogto0USOwkYXdkC7E2As.
74,hgilbride21,tcordeau21@si.edu,$2a$04$jGmh8OmCR3XQPUFrJUCcGeZ2Madc.mixI6z59FBeOVspGIrNrQSEK
75,apavlenkov22,sduigenan22@miibeian.gov.cn,$2a$04$xdA3duBQKNMBw32MiUUX2eQ7d.X5RZ2MT32aiWsnkwzr3y5NpCTXu
76,cboydle23,bbenson23@clickbank.net,$2a$04$LhR38ElrjUC4pSHp/6438.3gkVU36hijRdh6wdPL01m61b/w988EO
77,rbagge24,jgreenrde24@unc.edu,$2a$04$/d1oA7KwVcqURYQDBZNmvuWVkzYkDRNb24x0HlwlrvrQGcY.s6CHy
78,cpoynser25,gangrave25@dyndns.org,$2a$04$K5MuRoOkj12SHQM2/lo2JuYrbGvW6KwUI0YBwyDgvjh632ogVNBqK
79,ederobert26,pbalsom26@ifeng.com,$2a$04$jDr/iPGjrf1XAzbPekYfH.tMDcaB1zDcYqfTOvBlKklw4HpYL9712
80,gmacdonogh27,kbuttgow27@alibaba.com,$2a$04$fSNlcM2MaX1pOIr8W5Bf2OV7IqXUp3J8NddSlOjFVgPBR8JIxq03.
81,janwell28,bhavard28@slate.com,$2a$04$IsObmLk7BdZTXVRXXd5VBOktDkj/SOBMpUGP6.RVCV.l9CMnzIwWe
82,geberz29,hpitblado29@wsj.com,$2a$04$bgvqG49spOzGMScaQHqhf.fAE1c87jOIQkgR1yc2y9.5EPHwJAhu6
83,wvigietti2a,lwalter2a@drupal.org,$2a$04$9wipLRGWKPZVrJmYUb0daunFfY9Catz6Jo3.P/94/Tm/iv6HV3xFu
84,rcoche2b,hfawssett2b@yellowbook.com,$2a$04$lZVlt8edV8dy28DcJMw17.fL5ZgbojUcq6m6LtijIDhWjytJzbheO
85,sbryant2c,pbeddoe2c@nps.gov,$2a$04$GtSLieCB5ECzDFFE8BbYU.gVtkJrjEinT2G.zVsy5B5sTOCWalVq2
86,ohandford2d,hbernli2d@wordpress.org,$2a$04$yIiYMrnUitQe0QVGAR1niOgwHQUjRHgG1G1HyhzsPNYZd2Z4RYr3C
87,nwigelsworth2e,mkernell2e@usnews.com,$2a$04$YyAusQY7OZsEaxDQNwnBC.kPMFc49IibodMQHheNnhQqwQ0JVOq9e
88,bpraundl2f,fborleace2f@weebly.com,$2a$04$yTLmmKzH37Sll4wKRCK8SOTgIcgSZAGQHixW.efoqfmuIbX0GhUN.
89,kgeane2g,jphillimore2g@nasa.gov,$2a$04$xsz2D0gdBHZwAWc4f6B4Nez.4hsRbOEcbVMXX6ruhoh3Uy89bn6eW
90,scaistor2h,raubri2h@meetup.com,$2a$04$zLotkk6Y4ZV0dvdb3SqweeROGFLyv6pNRosy7FLcRoqHwij7WDmhe
91,kshrimpton2i,aweymont2i@pen.io,$2a$04$Zb0o7crgNXl/lDC65tbjS.gVbacLcbgleOj3X2hUC3xacStJAhsbm
92,fhutton2j,bholdren2j@themeforest.net,$2a$04$O0cbC8nHzhs7wIdMLqR5U.7xCFPIsImNEzO8VkXeLsuB5a09FlHai
93,eoverstone2k,gknightsbridge2k@sfgate.com,$2a$04$0XYLg.9JGy.zKx72V9u8kOrq4eiqGu5BN/uPDBfGebMsHl6nxqTRq
94,dbafford2l,jdradey2l@trellian.com,$2a$04$goKOJ5B/iyKBhvUxHyWpsOLnoND0KlQp1jRgY7VEKjYG1yDIYr1qS
95,bstapele2m,ncrispin2m@nbcnews.com,$2a$04$vs4CdbIYbj6OFznk50MYte9zNw7klI.OGGPdHw6QIbj2nwYpIOCdm
96,gstenbridge2n,edaguanno2n@desdev.cn,$2a$04$AxQD8yJqNjqVKr.NbDcLx.SmfmaN3LrQbk1MgceXPiusm5QwRlmre
97,koleahy2o,cyakovlev2o@earthlink.net,$2a$04$EUYCjyDlDzPf170d.fGGVuXTYIxg9SqY6oAMl95ZaVhcxEOhIK0B2
98,mdowngate2p,dtrounson2p@simplemachines.org,$2a$04$nW2FeF93WDTqoMfnlsh1J.t2uxjBXS/0tTNcrCxirzVdQi0h0Uy.K
99,apiotrowski2q,plowdwell2q@multiply.com,$2a$04$wD8WjoOmK00K7BIZcQWDxOsMyon.WsRk0NPwL7V8I0IcAyVk2lq7m
100,anollet2r,btommei2r@wp.com,$2a$04$MRgwF2xwTHx0kkCPRGCae.TgqWmQWHUZ0ncITCJWBU4CSrxoOHI4S
101,lwimpeney2s,edelamaine2s@google.fr,$2a$04$PQ8Y5Lg0nWqCvuuuTuCbjeZOmm92fjNA3JEL.oO/mBkXgDS30r.3a
102,cschubbert2t,tfowlestone2t@usatoday.com,$2a$04$1l3R/x2Z6MqS8lSACNSdGuXsWXSqyjA81JRsiq/OEwH1Zo1TUF7oa
103,mlebarre2u,sgantlett2u@fema.gov,$2a$04$SK03v9xEGomxG8Ycu9zOm.POFjG9fdIcufXwd2hXBoTvTErGmuP.y
104,dburree2v,asully2v@wikipedia.org,$2a$04$DduCZiHiPU2fr.BetZF1huq8R.4f6YBLtuWO7yI97aSpkhd/zPQgi
105,rburge2w,mjachimak2w@cnbc.com,$2a$04$vHxWX7IR8VhiHzlIlZnliOY1kQ8jWAQsSTe07qi3CX8RLs8yXtB.a
106,cpietz2x,astienham2x@fema.gov,$2a$04$f12q8v.SoTDrL.jY43yjtO/R3YjLqzBWryAaDfT2pn9CytfT/hRse
107,lsemerad2y,estannas2y@timesonline.co.uk,$2a$04$1xWCxpQiDT1DbjGPtrJkluz4RlyKNhsikxCxeAxhdEaFA190xkflW
108,ycowser2z,dsitlinton2z@theatlantic.com,$2a$04$f5CEeU0ixK8z8FVryoN4j.Y32sV.SK.149a9VX7.UxgFVGvNSztKu
109,cwhotton30,fpierce30@census.gov,$2a$04$TqLEp/0NrCZBKbGiQXrXF.aiHZKbOe1MLMx40/4rJLB9s1oVSeJ0y
110,cscarfe31,dblazey31@comcast.net,$2a$04$qVxyoUM4E1IeqqHoR9L0QO258ro8S9MmOPuJmNCYv.n/84ulmxc9e
111,tglasscott32,stoderini32@feedburner.com,$2a$04$ritY39YFUjrxFi3rer.8V.7VG9BRgbRixMFF5jKeENMLEL2enDlla
112,mdurtnal33,mentwhistle33@slashdot.org,$2a$04$szMdgTMjFNcW6cwzuBdvFuQZAqFDPksj.77GnnIS9EuZmYnTbpwfG
113,hbearfoot34,apendlington34@seesaa.net,$2a$04$ohngnW1h11JZnWbFBiCUj.a6HbNIyIj0613cXgkvWDq/kLMWgSBEq
114,lgellan35,cwodeland35@uol.com.br,$2a$04$TqKIM4VSRK9DEbWR0cIEU.7QdRdUiK7CrQL3thAJIas1NjSDRGaoS
115,gmacneill36,jjoll36@blogspot.com,$2a$04$sqs74SmitJRaJIqnBnPwu.Ip8.lPjkbovoI1HT/h61Dw8dlsn5h0K
116,tdyott37,fkeston37@nasa.gov,$2a$04$Kj2gCm/oGuO1thGkh7hIm.SbBSsO0Fyh6.wnq/gv6OLU32Lm9Wu0C
117,tdooney38,ydorney38@altervista.org,$2a$04$l.C8YF1owHvxTPxGwvAtn.DVy1JnL.IyQZ3yQjj1jSkEQkunY4kya
118,bminerdo39,kcubbino39@wunderground.com,$2a$04$dzBFWEx2HEYt51zskifyLeqrNPVwGu8HEczuCKRMIJX3MdgbJpKdO
119,hhuckster3a,ewhitehurst3a@blogspot.com,$2a$04$Zio3s0v9y4g9h5zILbzjn.SY2Ym55TL/PvYw.gnZ7DZwd8vKe6u8G
120,sniesel3b,tyockney3b@toplist.cz,$2a$04$CgEMnQEiLi2kxrYVPA05AuxphDztt1LqpPKiEhrWaouLzwkNVqO6S
121,bwhisker3c,coddy3c@parallels.com,$2a$04$3XifIuo2Hef2A2CnMlPeoupq3zJHslbaqPa.PQOIzyz8ZmF5XJ7B2
122,erumming3d,bkliesl3d@gnu.org,$2a$04$JXOCxLDEkVLDEI71BHlMJ.RDvtnnTkTM5mhtXaGeG1XfXXRfknMoi
123,tjaycocks3e,obaldick3e@wikimedia.org,$2a$04$R/eVK.P4Pyt.LxkBXQvZcuTlv8DosXFW4YORKA7BezxkyJq0eVFE6
124,uthieme3f,hbastistini3f@issuu.com,$2a$04$I4pFWsz4mu6MyBpp5cF3jO38ghT92IF3Kn4dKEnfz0R1/f7sMnNna
125,dknappett3g,jwillers3g@comcast.net,$2a$04$OJlkGeW8W5nV/JCyE4dsAuzbmSRT/K26sSY00UcIEpOworPuD7qv2
126,ksimonato3h,lvieyra3h@fema.gov,$2a$04$8u6JxDrsSJ/LgT41qcBLr.bTikbhrVT371lCBB6qmN15s1Ii4W7US
127,mtranfield3i,jlatore3i@webnode.com,$2a$04$Rxq6AeMSrUjS1gUE80EvpurAQJk4nTFdLsdbSze6lEX.aZ2Nfl5JG
128,mewbach3j,selt3j@miitbeian.gov.cn,$2a$04$9e82FQLnCkHCX.oWMIu4We0jeaoniad4ci8tO2ahZ9JDFeuEggWSu
129,dsivil3k,flafayette3k@addthis.com,$2a$04$OCSlDtKJo5AgJAFv3LaTPuerCyUBJe62UNY29.N3e8wYWUZ1eFibi
130,llovegrove3l,adumingo3l@dmoz.org,$2a$04$FQfw2tTv7DGMwzpxhkrZZ.GAYGjBKzJtM2GWu7EyyNEBieWkLlHsW
131,mlettson3m,pcaulcutt3m@who.int,$2a$04$Y1/9FnFroySL5X.QVfxS.uXl3/oB2uaZrWc4/5v7kEPhhAKRfa3iC
132,vorodane3n,lgildersleaves3n@jiathis.com,$2a$04$X.tcvdk.npMldHHd7MdRaO.uE3PPSBXW2.0GTBex4wdv72IGZ0AyC
133,eminocchi3o,cmounce3o@hibu.com,$2a$04$WEL9wIAMUQ7Rb6tDn388gOzjRflslt45uMcVNBjNU1RvpxuI.nZhG
134,bbellringer3p,thedau3p@state.gov,$2a$04$/j8dY0Pt3ld1hPh3CuLql.33r06tz5OjqPtVoPG0J6Tf3GgyNwRP.
135,ceagleston3q,dstephenson3q@java.com,$2a$04$aYQZED7GRp4G1PIu9TpTs.R6X5a1iD.j43YalHGy69TEpsNF9Jsam
136,nlamerton3r,sbovis3r@bluehost.com,$2a$04$ty4iVdu9kWhUvmX0mYV2.OJqXUUCt08Fvp7x.F3uzlRjWeTrFBeF2
137,dstowgill3s,webenezer3s@fc2.com,$2a$04$1uT8LuNTYNn7PAq0oxPmXePO5zbxD5m0MsMhI4tZ8Im0Tax4D31Si
138,mfittis3t,bmcfaell3t@marriott.com,$2a$04$SVah9e.JV1LReFLnTyb68u.xOU8ID/9CeH7CT.uh3D5piiwVnDqhO
139,faffuso3u,hsmalridge3u@ucla.edu,$2a$04$qQzMjjXH0RKCt5mx6.z5vupT.t7zT.JofFYIdKGJ3eipyeMGWdJ2C
140,muphill3v,koki3v@uol.com.br,$2a$04$4CslubqVrCGSIS/LD6Jzde5WbX369CYV4/naDQvU1NNhdvmErzQzq
141,bbonnar3w,cmckechnie3w@alibaba.com,$2a$04$mPetqtgiJZOWzgpIG5iVW.uD9/jWdlS1wb/UXKT3iMHaXYZKJlBkK
142,khearmon3x,sreadshaw3x@dion.ne.jp,$2a$04$Uwls7Bt/u4VvmvDrpkHukuUA1l.MlDktmiBW0F.IZHa2I8k3ulFNi
143,ktrueman3y,pborwick3y@bbb.org,$2a$04$15dJyYOvRodhqjMPj/p9VOwnYF5Q2DrtEqE6eThgF9tTLtlFQ9gcG
144,mdalliwater3z,dbarus3z@phoca.cz,$2a$04$XO9px6dkv4rRRNY2OnkJ1elXmSImrpjr/PCbjBSiWNbHUvCi030GK
145,fwoolf40,ghudghton40@timesonline.co.uk,$2a$04$/8YJjalQEfDy.62u3xpOxehPJ6unZtqEHBE9irDlLOsRIOAHQTZ.G
146,tmacdougal41,tmcellen41@hexun.com,$2a$04$TFiLmPGtzxci7syYB5HauudRO1YQkDP8tbaHL/3GAsdbreCF7YS5i
147,xgrzegorek42,zharlin42@sciencedaily.com,$2a$04$VRP7QJ8FCctOi0MnyMFI2ecIz8qCYqrouEb0sEoQ8ZveU7nJXLwBC
148,faimeric43,rmallalieu43@studiopress.com,$2a$04$PMiTt82eHC8zhZiovsEM7.0wt270H5PsAO1C4RUSICywFVcci2Jh2
149,wmistry44,bstanbro44@tmall.com,$2a$04$t7ELqWadtc17tnNHIJ2GQux5EbYWGtxnk1pC0gPnAu.U8petLweNK
150,kitzkovitch45,imil45@ftc.gov,$2a$04$FHT8Yg6M9NjXH8yUdz1WFe0SNVHEx.7Sb/gq/i0.Ss.tRyhs.NZKC
151,rgyrgorcewicx46,pkeech46@flickr.com,$2a$04$0SiKmA/erZqgsBA8rzh9euF5qViBY1ELVYbgtFKewDbsH5eu7a.0G
152,mmartensen47,ahearle47@usa.gov,$2a$04$1ce3V8t3vuxrjKEvVOUSS.juWM7CD6SmAxqGQttmqXODVHT/fTi12
153,gmccadden48,dary48@freewebs.com,$2a$04$BO4d4yUBdXL1XA9Qf0IEYegYU9PGD2X1VDOZTEkqBKp9zdvM9Tm6q
154,mheight49,bbannon49@ezinearticles.com,$2a$04$CRCn3CW0XFh3brnLAfbnD.851gL1I7QRCX/Kjew6IWjnyFsGIsa0O
155,aadamovsky4a,ebiddleston4a@indiegogo.com,$2a$04$NvI2C4.W684DRq/FD7aUQe6G5dgANWgXo6CaThgtT4W1UhXkXMdfe
156,mmcmackin4b,bblann4b@yellowpages.com,$2a$04$Oy2e6cDR4av51jTlUhERN.anxJtxy/jKeA0yoeysdnTgAEwKyh4ty
157,rpactat4c,djosilowski4c@123-reg.co.uk,$2a$04$sGLwaXyV3YhMkiheNsybY./CFY2q7J3e1XHi4uy1A7Lee9xiHKHne
158,cdiggins4d,mconstanza4d@cdc.gov,$2a$04$XbExHkfiaF6ijzlX0pCURuE3hSXDUU2wBnYgBC0TFqAC9XxpB2I5q
159,djeanel4e,roliver4e@japanpost.jp,$2a$04$83ec0a3CTN.dgYzzqurdgu.rLneXRbK0ccyL2A1R8wOuMRHsclGSu
160,stidbold4f,rbimrose4f@cocolog-nifty.com,$2a$04$SwYbGr3fm1ilRLqzClw5oeE.8ueBTbPKcbtVYsP8Fz.Wq.z4DGU/2
161,bvanvelde4g,jgostick4g@utexas.edu,$2a$04$6OTBf8bizIO6WH3KjVDIf.ang7j1jQrM5ghRpZRENfBFb31iTcSSO
162,cellings4h,pjudron4h@stumbleupon.com,$2a$04$xLq1qw3MlUqjZbEd0LnWr.qDJ2OAgn7LKaw9P8xIEF9jzwFe61vpy
163,awitard4i,spepon4i@zimbio.com,$2a$04$Eib27OvfDiS4yLpGoAOakOTF8YHC1huFSdlGVNw9LCaMmExAwhMWO
164,gdashkov4j,tsewards4j@time.com,$2a$04$cW457CoftNcxhUWq8MS/oeKGv8DcGnVjXSQmacakgy3VYboDS1vZq
165,smullaney4k,rfrantz4k@businesswire.com,$2a$04$ApblmwxEmRBSpMPaauoaluD4zqh.Lz.unFtDkr0eHi0jHRRfN3gKS
166,jarnefield4l,amcmechan4l@google.com.br,$2a$04$39Ej.Jt/eWcoz4F9c7AYguUAKWMpoUL92WrEuEnNl.rYxlNYRSRh.
167,doganesian4m,gcaldes4m@fc2.com,$2a$04$Am1l8GEtibW93zKoGEyoLesu56WOEcZqvg9Hkpp53J/icq/AKTahu
168,gwhyborn4n,ikynvin4n@fema.gov,$2a$04$dXKGJ9ZDNDsyh4Z2gOLY6uCZGC62ntM2iKkNy2zdUSxPxAMR75pDC
169,scheers4o,rallain4o@cnet.com,$2a$04$gk4AM3wwhqukAn55zl7LVuYzDUNXaIzJ..jN3ToXCvNqljOEzgSnO
170,jshubotham4p,cstoeck4p@census.gov,$2a$04$z/Y.TyQc/DlOTumCVpqoguiTZYGY5lbfwLkVY5iol1gTp0WmGqKz6
171,epetrashov4q,mtremmil4q@nbcnews.com,$2a$04$OoSULib9Fk.ygjuzZemCVu00N2cIeMlmBdIxy9S8iY6TzRd4UuQrW
172,sfranchi4r,jdrieu4r@weather.com,$2a$04$kEFdv80xQyQ32YFceqcYQerKyu0NCpRrb4R3bFsszm3ztuIS9Ye.u
173,garboin4s,bemtage4s@sakura.ne.jp,$2a$04$1djmNK7KIIXzcNNxDVp2x.wVtuaPQiQQPYbgKG9vbNoY/8IlnvRgW
174,fsaffrin4t,vdibiaggi4t@harvard.edu,$2a$04$pwrC./jNd/hh7/hWqZ6vuOfKpi6TVuVGDK./mfwvBaTAcqK3aOPXC
175,twooler4u,sphizacklea4u@t.co,$2a$04$j.log0D.FLXruteBF5CejepVjBowXuRphlc4JbySZpfZ5DHIIwxBC
176,sguarin4v,mflute4v@4shared.com,$2a$04$7Ky3BYsRRlSXiYywQPF6Eu3frIsWa5TkYYCetspXsjeaKyqd0XXsK
177,hledbury4w,tbonifant4w@vk.com,$2a$04$DPYmBEneOAF9iWTAWKeyw.ePruwM59xme6MRNYokBaMLKzkYPJdNG
178,wbraunston4x,kroke4x@people.com.cn,$2a$04$f3LhA96yub2obuk2oSukCOBo9M4w0/R0BFdU4OuOmDtqGHpYT20Je
179,jascraft4y,mtamburi4y@abc.net.au,$2a$04$gUjEStCUKRUshR82w7jjg.o3btxmoO5AXK3cCOahVKbo.8U/GFMvy
180,tdate4z,taristide4z@about.com,$2a$04$tvaJRvvj3TRoXbS7/cO59.TuP6zHPVXcXPdDokuP6MA/fb.SfVWbW
181,hdarben50,edrayson50@parallels.com,$2a$04$ULjnIpPv1e2mYgA4lkFFZ.DzOaq1Q2BeC0x3u4HqTSl1Is/AJpMf2
182,dbaynham51,rpidon51@senate.gov,$2a$04$W/Wh09xMrYeGVw24hBSup.QePOe2cIlWKVMwxQKjlMQ7qI79hMNpW
183,enell52,calleway52@istockphoto.com,$2a$04$DeggcXOhgRCJUwK682v4e.w93m3cyO3rfw7DfqA9kNEeEWN0fl/Ji
184,bdibaudi53,pgeelan53@oracle.com,$2a$04$emCODwTJ7FpsbSg6vff.euWQnkyEjET2z.Mcwi3N.JO5ZGw9QpgeS
185,adicks54,cgrieswood54@boston.com,$2a$04$Gdm1F4q2avGgMzVgUIdFauT1JbL2so3sYWdAUXxstnn.zFCmSql.S
186,ikendal55,emacandreis55@purevolume.com,$2a$04$Du6Fw/Xcx.iWBrtOnf0eHe.bseOceojlUZhySikNAh5yY5wre7ABS
187,eturville56,aharsent56@facebook.com,$2a$04$OcemHi7nCNc65OY7pSJ/j.daaYJRw6Xj./MlRXVJQ1UArg7Q35BhG
188,vgalpen57,bbaford57@utexas.edu,$2a$04$5wzFiGCN2oQ8Mwj1YsnOI.50z4Mak6QNlsoZhaerAxK2mQWtino6G
189,drounsefell58,jdomaschke58@g.co,$2a$04$1hv419.uX/oHHIIbZ6OFfeEzkenCMjLtWz1OHUxzRyIF1NX5ZxWdq
190,aaristide59,vleyband59@google.nl,$2a$04$GWDGmM26GkRYG2UgU52q6.gHz5NkwqoqeQAxJMKMh2JREUpyFq8xy
191,aingleby5a,wmatteoli5a@nbcnews.com,$2a$04$sNqP/PAXfhwBhYlQpLzbKOzDE1u6RiArIEz3u837.2kq2ZD0QdLZ6
192,tshord5b,mhaberfield5b@topsy.com,$2a$04$YKtZVH4Q6FPaxQqBArh02.zidhYKX4N69IGBJuJJXVBSca/WXm83G
193,jvandecappelle5c,cmackissack5c@unc.edu,$2a$04$qgDzgrMEld.tcYoUykDSiugX6xC0xz/Zsu4L8dikoP8ofSfcA7Z1S
194,aoveral5d,swisbey5d@photobucket.com,$2a$04$LNLAX6E8ymbZU0TWXmX5TeW8nuxghaIG5xppIULqRo9zm4NxR5BVu
195,kohallihane5e,jarndtsen5e@newyorker.com,$2a$04$Ps5zEfdxSyQ0VN5lAd7fg.Vh0ZHbIbaJgde.TqlIteKSIC5yy7jfy
196,jmeeks5f,kgantz5f@yahoo.com,$2a$04$OK3.lMZf3kAy8EcGgjgTL.ry7CKMGMJfoqbzRcg42yV4jeQO/nDBW
197,rmorl5g,rtappington5g@parallels.com,$2a$04$TydZNFg4/cAZZzxGwQ6nnuxDkgNMVmhnDP2x70hZw.NiVsWN/yTHK
198,mstoute5h,rragat5h@psu.edu,$2a$04$7ACOsDMSC9gHJkLaZ8W4POCc.61B41BUw5Y3NU5xlhSiZdO83zwvK
199,srens5i,johm5i@independent.co.uk,$2a$04$0T5vU9ODCOG6EOye7hyjcuagnjfUwwuZmWienYscpiU6HRPSeXL5G
200,webdin5j,ehoult5j@usa.gov,$2a$04$FL5IZKFxyZIUkgQhobKQNeiMWZtcPgTc3Tq2Xzv/tno3bHHcNX/7G
201,creeman5k,dmacdearmont5k@wikispaces.com,$2a$04$IqN6QXX0DFOKVg8rIvRmFOluF4VfWUzl3y0x2B5/krD4L1N6.7eSO
202,bbrent5l,alorkin5l@mediafire.com,$2a$04$AqDc99QsWOl2XZ1CyXMpSOyukZiSYkXnYIgFGUeoucOsI3L/OSDb2
203,eragles5m,cdellenbroker5m@psu.edu,$2a$04$RltBCF51eG2EVaFualw7FeBeOcm9a/HkEmez2vwg3PJ2jCb3jtTyW
204,mluckhurst5n,tplet5n@mozilla.com,$2a$04$XP423WYhhivJYedEjcPrdueirNeTU3G6XA5oCSutdzX6CKrv/l0k2
205,scromack5o,gpeckham5o@senate.gov,$2a$04$J0RGVy9w8Y5AqZKzTDORPefPIKujkR8L0qRnajHXR.NLNXN3DFOey
206,zrunciman5p,cvanyashin5p@behance.net,$2a$04$monsWq3T9XhJh9gJ4kLF.ONziE1kB6guAKt.9vV/f5SzAMe0lhlN6
207,jfawdry5q,kduding5q@ft.com,$2a$04$NkJfylSA54fNgxM426vEbu88vNsvajzSa4.6/mLlHu.zSZl4F4PJu
208,egrigs5r,traymen5r@ucsd.edu,$2a$04$zRo.L2FCvHlOler4uGM/n.vrWlFyFBhOqkPcz.lrvRMw26Wbk2Bp2
209,dmcgarrell5s,tfante5s@cafepress.com,$2a$04$mxnIGNVsHPbsBYhzUAWsFOf9crLyZWOzrjAcx.PzEf7eCX0Tn3YmK
210,egathwaite5t,amurty5t@chicagotribune.com,$2a$04$vcItLWnk0YllfAzhOYB.d.uk0KbVNa6YTlugVTiYUKECQdMIL6R1S
211,aanshell5u,haberkirder5u@google.com.au,$2a$04$AXkxni0UFj5MF.QcPCjAweXvVsEddEvUXtbKO1bjR/Av1GHfJXcuy
212,kboken5v,hwinstanley5v@abc.net.au,$2a$04$gLv0/jXyC9oPUjovMZEwb.lIEizWofX124Mq2uciygG8hUibZwSja
213,msheber5w,gcrowche5w@nytimes.com,$2a$04$tzeJ530/L92p2I5cOb.aF.CDeviUMGxxThFknd3aD12zAZk/eyDz6
214,tinstone5x,ckumaar5x@barnesandnoble.com,$2a$04$g24oE0j2j4Mi8yNzeGKBLum/tTvGFhoa3B56jEPQJIsEyK/9sBIXi
215,oivashechkin5y,ndeards5y@deliciousdays.com,$2a$04$5kWq1e8tyHk4YWah9j4LReDG.7AqCFE8pXZPQqiLgZHrAzrMedomm
216,olengthorn5z,rgirodon5z@kickstarter.com,$2a$04$T3yjyPCy7S1buYHq2rQhw.qdFomkPIYJHU/h1eFW24wC67jgPCUO2
217,mmattacks60,mheadington60@constantcontact.com,$2a$04$3r0LCrbmFxWdNFhpPmIZmOEbTEHGN151MmuMdqVPW/TB6q9JI5UuO
218,adearnaley61,htugwell61@apple.com,$2a$04$LBNymGIjUafXy16VssUL/u1jR8vRCI1IfSJvFNAzgQ5MoVpIusK5G
219,enend62,mdysert62@disqus.com,$2a$04$WqHdrgMRrZvrDCEKdwao.uDRbCYE/ZAuwMVIccXvSkuwGeaT9ASg.
220,fblandamore63,asasser63@51.la,$2a$04$Ski2q5BsO0oc4VkIdWQAHetkYnpzo71cmxwRbdPD2qu7RPDUG0dBe
221,sgarms64,mbrandes64@icq.com,$2a$04$22kmQX1rEf/3SevTJnM6QeWM/f/ecoKhJmJbbS5jx5x04jNVP8Bqi
222,fnyland65,gcarle65@upenn.edu,$2a$04$i/ngmDnoi0.o5tI21V.P0e0YhvK/cXhVtBjKaaO/XxVhKj1wU3dha
223,rmutch66,jboddis66@scribd.com,$2a$04$GPB5aa.Cls7zBRFrj6REf.NTlczuJ2AXm/YJ7Ij6SPzBQNUNUmKui
224,climeburner67,epepys67@sun.com,$2a$04$EPLVYr5Uk2ECgQsktc6k4OK.mbLT6/7LoIPZoFfmS/ldpQBsLoPHy
225,ladamsen68,gcampany68@mayoclinic.com,$2a$04$L1NMHs4gvI46ivsSXutUduPzCu.0tuHgZ72Qx9gU0IzgHfVC1jOo6
226,dhoodless69,aduguid69@nationalgeographic.com,$2a$04$ZV4yuiQ9Kg176B3Tblg8eOl/kqlWFxWtr5iyUa/wthqe2w25td1YK
227,deggers6a,gconerding6a@simplemachines.org,$2a$04$n.Tl6EEArfiVjPiGmIlKQO1Yt0vw.JxQZRirbOqTZmyIDmL/rGgSq
228,vaynold6b,tflawith6b@mysql.com,$2a$04$4HsCCGPyNOfUMAajd0QAY.xOT/RkroYujYX/Y4H./hbuIDFMT2W.2
229,sclue6c,wcoalburn6c@ezinearticles.com,$2a$04$gqFHFvRetxN9iFnbUsywqOw1bSSWHP0DUizgtga9aQpZhA9cw37QS
230,gbryant6d,abuche6d@shinystat.com,$2a$04$r/oAPdo9Tlc0.RSeK/liIelpDTiPSUpr8acfCV0R04AZ2mbfRFwYO
231,gdaudray6e,corcott6e@patch.com,$2a$04$SihvV.PKCv0HZnzNIdhcieLLP290eNRaO62o1VCROURb1nxfhHhG6
232,cskoate6f,rmcneely6f@github.io,$2a$04$SxXaR5oj9fX7ogrVP.BFceVm0ZS7X4x3lMJ0kcY4sPx847sRAf38q
233,tshellard6g,wscahill6g@hatena.ne.jp,$2a$04$UksXTPbOZ4Kbad2jgh/UEusoag4/Vi/lTaHJDPi0yjZN3z9HW1v02
234,dgoing6h,apieter6h@linkedin.com,$2a$04$liZMxS8Za5G/Rlp8.ZUf.u7oSEvpqwofkmTz7aPlGXFsCfKPf2HBK
235,kjirousek6i,pgerardet6i@mapquest.com,$2a$04$252xarqKow.E67Ebwfb2COzsoLt62TJ1arR7gv5LKH1gYQCs6xXSK
236,dmathevon6j,awelsh6j@slashdot.org,$2a$04$J8MDOAfgVQWcsJF2F9geYelk2JP/gsdrfJvCbdDHIsm2IM5likrBa
237,fpepye6k,wboatwright6k@usatoday.com,$2a$04$/XynLSwAieRXv5oF2GbpqengHXAVpxdHMt62rmOKeTGmPIlUe3wa6
238,istachini6l,warnaldo6l@parallels.com,$2a$04$ItvlJrpfwEUXxwc0QgdC0OHVX5vR1hCXbQLFOP5sMxiWi0coitHUy
239,rmurdy6m,psillars6m@telegraph.co.uk,$2a$04$9J0Pow2Z6SdaJ5JRH/gc1.gdZXvVuXWpOQciWnopNn4Fh.DLiSobK
240,mwinslade6n,mwheatley6n@stanford.edu,$2a$04$fq4Miz20.Q7L5L3kg87s9eB9EYpKkGlvUpyMsikivMo9FmdD2CcTe
241,wwife6o,tcasaroli6o@slideshare.net,$2a$04$cWZqXKEaS/DthcOdzxFQUekTDjbKKM.K/WqDwYUyWvgCpAN16PgPq
242,cgrandisson6p,side6p@timesonline.co.uk,$2a$04$lywldAcFOtEFR8eXZ/sqHeQihF11C188CkFtykEjR8FP3pLirwyl6
243,jgranger6q,bpetty6q@bloomberg.com,$2a$04$hiluV8JqLITFXi3aLZM5gO3vLhuKkOYKrSZhFLCSINhPXyyBFGa1i
244,mkelmere6r,gdaverin6r@samsung.com,$2a$04$DL6aJPnDD8srF8.dAN8ZNOJvlWcvW3LEcxoheVNSeNRvaY/xXaENm
245,vlovell6s,mocrigan6s@dedecms.com,$2a$04$.dC4KkZ04AfaKjhy1c/hBeFDW77XhFcFgytQePjTeqGVAR4qgMYYS
246,scolquite6t,snormabell6t@webs.com,$2a$04$nyHw0D6qkuCKK5NEq4xoGOUBoHUxCIPIwsDki/r6t.SD6QDwW1nmi
247,rqueyeiro6u,jpepin6u@spotify.com,$2a$04$jZ5jaKrfgs/fmYSDAjXeN.IOCnEeXcI9qH1ibMi10AQsm46P9JvyW
248,pcoatsworth6v,wmecozzi6v@google.es,$2a$04$jdzIhRnQeQnRB/aOalzaE.CiwtTj4..vO24zELhIyiZNWLdaZF9eW
249,afranzman6w,amorstatt6w@hibu.com,$2a$04$05sGRqkfCkvUDggdC/hWwOKVlpRPSXx2sNgvj2OKCj4tVMa5JAFKy
250,klaughnan6x,dorys6x@amazonaws.com,$2a$04$HTp2Tcp/gjv1rD2/i0w5kuSRhvdEw//6M6TrwbuZAKGnNqgE44cqO
251,mllopis6y,ahunnaball6y@army.mil,$2a$04$PUDrLJwtg61cZqeuVoKNlOZEhh90usQRPrSR7r8Y.F6NwM4Fy839i
252,tvass6z,bpettigree6z@list-manage.com,$2a$04$8LWgT1k0BK8e9i8bC5k9/eW0pqXzCKY97/7sdmnu.YRNYOjax8yxm
253,ymerrill70,nosichev70@ucsd.edu,$2a$04$KCIh7Hv0m4uZsEy8EGmZP.4WxQ8lo8r1u8iyiWsu0QWt6ahiVjNTq
254,bjermyn71,ffrancombe71@icq.com,$2a$04$tP42pTx8LhTXStLz1ZKCYui3k82hpjtM6Amx/GOfnaHtdYM/gmzpy
255,cblaker72,elabon72@opera.com,$2a$04$SFhcGkjRo5gD4I.9HZIkzeN1cV32GwQyjZeyg9M2M0klSmPyiGTDy
256,mhylands73,cpostle73@yahoo.co.jp,$2a$04$UPJy5h8VxY2lCpy7tLkzxelLOqGErChbCsxfJ7VQhpfjG0/G6i1em
257,doshields74,clillywhite74@webs.com,$2a$04$5yU5TNKU7ICxU/G6X5BqnOt6LYUF8wn89gMFKgU//Q8wRvC6BfDKW
258,ctregea75,njeffs75@arstechnica.com,$2a$04$IwBppXaR4KFqHOhWvef5ueOZc5a8v4X/zBeOYRbWU2O1C.K/Hevlm
259,mhadwick76,kliddell76@usa.gov,$2a$04$zmu8dYe48Y5sIXuLxT7TzuJ0ULY33uvPYYhTX/Yz62oTbuAToAPMa
260,tdarbon77,mmacnair77@newsvine.com,$2a$04$TdlMK1NXSh2aycjDv0HF1eNTMoSjsn8jzKm50SBS8FxmIf.xCu1Om
261,rgleave78,cniemetz78@digg.com,$2a$04$x8jIGgCMAcz37EhvT3U/0uDGa8f8jdHBsL3TeotrNnJEWHZAPsd.u
262,cknotte79,adivall79@marriott.com,$2a$04$ysJ7RYoNNgAeTxICVcQMa.JlnOI2adKb0M7zp2bsidFyZNKQ1IoTq
263,agisby7a,sellicombe7a@eepurl.com,$2a$04$yiIp3/nYUmgG3/3Luc5V0uDCFJqxy5tZJyVR6aQffyqXCOhebYEv2
264,dkemmis7b,pduncanson7b@npr.org,$2a$04$/zceomlDXYLUpRZrwDjRfeIK5cN/ZHUQ5LTm8bIGMm9Kz5iQt7.v6
265,wronca7c,dbelfitt7c@goo.ne.jp,$2a$04$TpxgzQByAOYPxq42Ijze5.pGazcKGZI8C3aZN.zdzZ0l3.JIYm8Oy
266,jwythill7d,nwile7d@patch.com,$2a$04$VGuwMXtidOKt8fWXIUvHzuGc9NcJAz6NKt3GG1UEahJu8VKZJIcFO
267,bcattow7e,drhodus7e@wsj.com,$2a$04$N0.TMZ4aeopiU/YUYIsD6.IyobVGAqgJ6QgWdQMwEFheikmwI/21u
268,vleonardi7f,kfrancecione7f@tripadvisor.com,$2a$04$Ykf5ZKrpj7JZmYfy764ahurV9f6FvXGaTWhHxPIEn4HGCuLCyHKOm
269,seacle7g,ktolmie7g@multiply.com,$2a$04$0dVMMjiAyUsocaZ/XLEh9eslHdxYxTxhwUhIPoawqSZF5M5btKVNO
270,ckasparski7h,hmantha7h@mysql.com,$2a$04$YhaHFf9JGiFTGmPCMf5ZGOFjjGwZBdmY9saIEL28r7GhId10OG4SS
271,gdiggar7i,mwilsdon7i@so-net.ne.jp,$2a$04$upZ84FgkdyWciWduTivdAOQwC6MHTlcPV14bwyIesSO6ICSKBvMuS
272,fmacard7j,ogilder7j@nyu.edu,$2a$04$B3vECYHQYBz8Is1oP8968u8nm1amqAFbuWBUHKe9yHFqzm1JKOp26
273,aburdge7k,egreenhouse7k@jimdo.com,$2a$04$r2Yy1j2l3d2v5jqDzlpswuDNKvdg4IRwD480W7xoOStJiX7bHMqa2
274,gdannehl7l,dheath7l@marriott.com,$2a$04$3.pztw3w7m.zLxFf6VSjz.8J1C1iXcCv0znlJEf7PHITsLPncx1.G
275,ndayer7m,bleward7m@wikipedia.org,$2a$04$JYCADwbF2oMqU5ttrTovA.pIeZgsnXZlfYT8i1mOUvtNPYtQzRyUK
276,adewinton7n,wtapsell7n@biglobe.ne.jp,$2a$04$qBMH7j6niuwE4P/s.Cq5xejFUm8xaCBACM.ASIdFP8fIbebUuA5Be
277,kmosdell7o,rtwigger7o@dropbox.com,$2a$04$Qm4jDNiVJ1AELxD3l7CpbuDDFfAL7g1CNgAGZUCkvea5kVpKjFfsm
278,psoigoux7p,ldytham7p@washingtonpost.com,$2a$04$z3Pv8c1FAG5WAkCj1DV4bOuIqRtJQGGElILvGYphWRLJ1GunDNwNi
279,phamlett7q,dhuddleston7q@hao123.com,$2a$04$5KeC.qa/NRLoIqnjFTZNAuMk23xYRcqjWS7EJ3ov30ofIush5lzWO
280,slandon7r,eleming7r@newsvine.com,$2a$04$dpl1obdUb42Nxb/MGPIF/uUZLuTFb.nippQTmLRAdLkmCJ/X6oxh2
281,atreagust7s,rmacdearmid7s@tumblr.com,$2a$04$TVH2MlV15nJhNVszhIUEAewOZTWvSovp/X/V9CTjBIPM8EzkHADhu
282,rredbourn7t,bdevaney7t@zimbio.com,$2a$04$eaTZK3.93c6pZ3AaOL4gx.wBbS2iyOJNBJgOgnRuydWrqwK4jBn0m
283,wwasiela7u,jdenore7u@scientificamerican.com,$2a$04$ZF.852IFkeIkcThwLSW/cu2ni.zOTK8eqp487uNuQ.D8DTZ7u.Ss.
284,lpilkington7v,cmadgin7v@ifeng.com,$2a$04$3/ftfnQ6rwTsS5xMgWsf7O9CuZkOgNxMcQA9dSq7CMX1cvFW42u.C
285,fsteers7w,ggors7w@unblog.fr,$2a$04$QQ.p5EJpsIuP/V/YHhT4rexTYlORqi8VQxtIdaNxQ8vztZqnA.WKK
286,aturton7x,bwoolner7x@lulu.com,$2a$04$.ToJ4UMZPBxJUkkBQ2W/O.4LfMVHE1QYDjKWHAmxg3Gv.KLaZuwRG
287,vblankenship7y,gmanske7y@elegantthemes.com,$2a$04$/wbwiEMUHFBe1/j1VpXI6OC2HXAmJOmnC7rspNfYIwIMfSvkZUvgW
288,jtrodden7z,swilstead7z@meetup.com,$2a$04$i/3ifJMT9a9OarT2lycaKeKU8dsiiQ7bcVeQCa9eT0q6/ZP6p6zZu
289,ccarillo80,cfido80@amazon.de,$2a$04$UkrbTUn2O9ZdiYTiNuBIpe.iPAS1tKm9ftAD54tHCdE7l1Tum4MbW
290,djanda81,calldritt81@columbia.edu,$2a$04$OD1xNqnO/O05XNzf735kpueYq5IMYMcV5w0IhQr560w1u6zPh4Cki
291,wrodinger82,lhawler82@wp.com,$2a$04$C443U6u7QEIvEk.Ny7aX6.ROEDNX9HW6cfYXXlGPcxGf36hcCC4.O
292,nshearer83,dderham83@reddit.com,$2a$04$lZwIL8wUVJdkysCbCs12E.K4Hh/HSVxH4wSj913wLhPSjt.cWPnZu
293,pjackling84,hofeeny84@economist.com,$2a$04$Pl5YjHGYQU0pPvezo0j.WOKZaHk20DKccjFWxhHGDPQlF7CkfdtTy
294,nsellstrom85,cdukesbury85@xing.com,$2a$04$jdsPI8ylb5EbX5BAu5iC0ehRrwsKfT2yCW1w8.LYUP.bkPH4Mi372
295,jchipman86,rpebworth86@is.gd,$2a$04$rJMVvMzL9uE5/lvXNN3l2ekPRgJri9utY.TxtAqpYoFiWisL3y5WG
296,bbarbara87,ncumesky87@wikipedia.org,$2a$04$ubSK64CMQ5Z19v4tDl0oi.HX56L645.0CKo0EIzQ4ON60MIG3V5RK
297,icortnay88,mstable88@sitemeter.com,$2a$04$6RDwOl3lqV26pM4dxHVdN.smaZ2.EA7Oy0RMMnJRH4Ifxf2bwvkW6
298,wdilger89,aberrey89@homestead.com,$2a$04$p1pbi5U/M7EuWMhOEuC/dOSBBOPObsauh1OMFeWp8sZNihClje.kq
299,jmcquorkel8a,kflannigan8a@fc2.com,$2a$04$0OZW.cwk2bTRsom.2quIHeTn67nZ3xe8CkSApAGlqhvaSqt4F1dgS
300,rparnby8b,isemkins8b@odnoklassniki.ru,$2a$04$tGEV9tpjV9LqlHEqwT5UWOS0UrWRopMp/GBa.TAeucIe/RcRCeBCS
301,lbrundale8c,amarcinkus8c@amazon.co.uk,$2a$04$jdCrkn2SH5rD9HMWx/5JBO.F5fTQrK0ZrgS0Rrtl0erSjWuVaV8my
302,slinforth8d,lfabry8d@techcrunch.com,$2a$04$Es0MnIq7VqvQx0wl81QkUOGV23q1IqL2pe5OrNpsqGnliLdVBZJwS
303,lgarnsworthy8e,btolworthy8e@gravatar.com,$2a$04$QoL0NnFqHyOivdxCU.cho.rvNlG1Xg/F96k7gAKo2LUJGrYhuVx2G
304,hburghill8f,bcareswell8f@rambler.ru,$2a$04$qGSMyYPGHpQxKhtopG9G6erM7FcL4zsOpMA8syswrwpGmca.j27pG
305,ceat8g,amalim8g@wikipedia.org,$2a$04$1liCAMLqk4zFFMJBs2rp1uw6DYchfct8Jy33VCEiIseAC7fpvZSX6
306,keidler8h,jtissier8h@wp.com,$2a$04$aB1Ydhq30E94jhXiJ.B1KeK8GNhT1yTH.HEluEMn3.R9QrAYZXUM.
307,bryson8i,djumel8i@cloudflare.com,$2a$04$10mJDIjpeKwuDYIBo0.SaOWag8avkwH6OmJ6qcbcvAc1.N0JY0oAW
308,numbers8j,eblaszczyk8j@symantec.com,$2a$04$rHFcrLg4Sj6GjeIzHSaxOejffQLQd9QSbMYqrYvpDi1YqDMNI.2k.
309,jstockell8k,dmaudling8k@springer.com,$2a$04$4AJQr8q7x8asgmOSrbMUo.VYIp.bCuwBryIsBXa3kWcrhuqtOt8.e
310,espillman8l,rbaldrey8l@taobao.com,$2a$04$ETFrrH0Oo/C3KD4t7KRzguAaj5I7z0uAtrevDd.vex0k9MDihlfQG
311,mshadwick8m,arayhill8m@hugedomains.com,$2a$04$giXykS2iKW4MqF9b.mwree16p0mTljUux4VccWFRJKNHU.7Q1CUDu
312,fandrivel8n,qbuglass8n@phpbb.com,$2a$04$G4/uWgRSMjWwFZ8arT1rlePX7MM45uDSMzjWPaat9jvB7mPdqWru6
313,kcamus8o,tlatham8o@usatoday.com,$2a$04$ZzVxzXOIl3OwGAzuC3YKLenhMd6Uw7V4NOoNClgMsZD7NoZqY4DcW
314,ctickle8p,aparkin8p@com.com,$2a$04$12WOo7qxVWVI.HlNJcAmXOLM454v6lzAYFS2BqgfSCfsZkI0JisNe
315,fhellard8q,epipkin8q@bigcartel.com,$2a$04$03HLqaE9yKCBMlTLp1r58uNjuW4MIS1vXbQov1Q9M89lZgeHelNKe
316,mkerwood8r,mmacgiany8r@myspace.com,$2a$04$c6rx9MWFOd1dC8bFrSrZle53msSqjiARHoPydSQuf4wOmF7CBh.H6
317,esikorsky8s,wedards8s@jimdo.com,$2a$04$iBnbuFumufHBqz.Gs4b1b.LhhuIBkxbwWq5e2ntC.zsA92EUUQjou
318,kwycliff8t,aboughey8t@odnoklassniki.ru,$2a$04$g6/VZLVx7j7yocB.P1FzPOG9dUyzIki20O4lpRt2xhBoLnQzcWW2u
319,wsans8u,csauvage8u@gmpg.org,$2a$04$rNxltHkci.ojr551EKA3DetPwtbsq5J.oqKLpo924UesdPfGJAUyu
320,ewoolley8v,abentote8v@google.com.br,$2a$04$2SsW/XhBZ3t08VzaTnF3Ven0gGeZENvqaXLFU5qjyRXqOMkb9ATHm
321,djonsson8w,dlatour8w@github.com,$2a$04$46IVZier3WsRWXnX2KJqTOGWU8EuYbW3DbQuDN7f/h58ULI9133t6
322,apiggford8x,ccopley8x@mysql.com,$2a$04$ba2oiriIle5GED.Bdt0ix.YMoeoesH5pvm9epb77Pd.p9cP6kKAau
323,pech8y,fdoodson8y@qq.com,$2a$04$SmKsNRXZBVE9a7vZ2Ze1heom9EMeB5GV/7.YKyN9Eygw9O38GW7z6
324,etombs8z,qlaughlin8z@reddit.com,$2a$04$ojEhB/jS0NwIXytA6tF3XOJ2arrSkPI9iVtYG..fN/8EjNgDWnLf6
325,jdarke90,sboyall90@noaa.gov,$2a$04$dNWXv62eJDpoIiKaZNAAv.PioTZ8bTwSvD/GMUu12AVbEVSeO0MNO
326,dtomasz91,wblazej91@google.ca,$2a$04$IB5U96RWx/gLSwnh41jT2OSTwnZBlEgp63U5c4iUQnjwm.KAUQgS.
327,bbrucker92,gdawdry92@pen.io,$2a$04$WczQMKkjnKyio8yNqI03Ve.wgGQlH9OuNesLAARuR7leLQ957Hwjy
328,faxtonne93,efotherby93@freewebs.com,$2a$04$O9yHWElUjJyF3FT4ra3PreikPERW3K7BsSJYJfyicKE08bTD3huKG
329,ohevner94,ncarhart94@fc2.com,$2a$04$.rch8Fiv2hV9EijvxQv/mutAsz/DTGI1JCqgMa945tLBMsjMjon62
330,adenkin95,mtailby95@topsy.com,$2a$04$WQqMFgvk8RFn1gwBT1qVIeytQd44PbffWETc33075ONf.Ku/46sU2
331,rrubes96,tsinkings96@sciencedaily.com,$2a$04$ccK5vm5ogmtkzOla099qbuxAlCdlpQAwWVgVfyooEpZK4UwehWuAm
332,cmeynell97,blandrieu97@facebook.com,$2a$04$k9mR.LrFe1Xmvu30DdEfHeA7aANEIOBrIsFtqma5O4Ohr6zZ7KyNy
333,jhandrock98,lpeabody98@newyorker.com,$2a$04$yA3cg9RDhQzN6Y5SIIlTpeKmSbxVVG3.fel77PO7fFohVQWF4j2O2
334,lmcentegart99,hcoltart99@businesswire.com,$2a$04$WWM0CY/4aM52rIseSK3HDet07vdPepx1gjdch5ZFIn9jegkAxhnce
335,nkarslake9a,blangfield9a@google.fr,$2a$04$rNgPXoNMod3lVbuhiMMOS..xeCYLh9oomtoFEUco96ix8nD9AWxpu
336,mgodier9b,hcowerd9b@patch.com,$2a$04$npVe3sZkOYufTYVaMY/YgOP.jlcDIQ5jIXvxx.TAN5pqgCENsupHq
337,lchaman9c,alatliff9c@mail.ru,$2a$04$5/1eXSDPBPaB0wJ.k99wJuawfyYYI8Fhdx7fkCoLicvp5is.MNy3S
338,bpoyzer9d,aleet9d@flickr.com,$2a$04$HAYKGJywFyMRrqhKZc5Pc.PY6hSRt6Z89Zz29.2mjJykUkLAuQipW
339,cmcgeorge9e,idresser9e@odnoklassniki.ru,$2a$04$srx1KwAq804ugUK8eOOkLuNAIPEczx8.ZXetj7mxiO.MXR1rEzfKy
340,xpartleton9f,dgothliff9f@dedecms.com,$2a$04$XLcb7hbtpO4UamoHadHD7u13/EeoqoBi/jJhoawYanQqqiBIeecLC
341,nferbrache9g,rcastell9g@sakura.ne.jp,$2a$04$FDmEzQxdjbeOx/F.QgkpfeH1bW2vYr2XX/Wt.D.DSClR9Q8FNSElW
342,clamasna9h,vnormand9h@tripod.com,$2a$04$Jtyjl4F6FlJOX.N69OTh8uEZCpBBJqpkLGsDm1Wg8nyZZ5yytOLxW
343,bbeeton9i,mapplewhite9i@newyorker.com,$2a$04$g8ZcW7aAt1uODsHwvwT.FOF1cXlkQt/t/cZ.ieHc5SHgRNzUzH94C
344,dhassekl9j,cmcbratney9j@jiathis.com,$2a$04$FWX70JBU4OBS6Gtrk9eBiuAohmAjA2vxuQIgF0I//Ah/iZgeqdCPS
345,rgaythor9k,vlower9k@latimes.com,$2a$04$RlDt79jlo85rDPbCuYqyaOrRxSAlRnwHyPz4h9GP5LDqjqJJD3Gu.
346,bgoldman9l,mbaudet9l@parallels.com,$2a$04$..N4FrALDpE2jPgwtfZ4A.DmXB1qg0HbCLb8F1Of401aR84AtRMVu
347,wbercevelo9m,mcampion9m@godaddy.com,$2a$04$7ZLgA/wIPVYO4u6l8mz86usuIugIXBjNcvSxHR6ZqoCyjF5wdlc5i
348,xmccrainor9n,dcrathorne9n@marriott.com,$2a$04$wDpBi6gc3hmKGs6A6gBHTOJzHgS.e4CBsiQYsMrrnQW.E/317Ysfy
349,sflanigan9o,jgallardo9o@indiegogo.com,$2a$04$Q0jqCqOXPahkclrVf38W2.iaUMVhkFEfuhA3NLst/2Bs9vdOeVtP.
350,mvero9p,grubinowicz9p@wix.com,$2a$04$tLDBbB1Ez0E6MDLxIsMmNO18CNsdpwWNQ0cP6q9VoQjPfLIE4qm.C
351,bkynforth9q,awilden9q@marriott.com,$2a$04$edgyhXilRK0yItgbITWYKuaBEhfPwf.Su.gKE8WxvIp2Rz19vWLJW
352,prelph9r,rallinson9r@house.gov,$2a$04$oXGVe1zFZk7Fn7Ub6CwM7.QMosWAld.JJcF3xsC55GXpN.CNbmSN6
353,rtack9s,eenevoldsen9s@sakura.ne.jp,$2a$04$vHmFSYOCDYP0gwZgCdlfPutQPXcBuAVo38z5C/F.Pf2yEfEyGvKia
354,cduesberry9t,edeneve9t@360.cn,$2a$04$ciPE0oyxqY/hy14wQeZpQ.vhqQegFBgJKVYW6M8zjvxKqPI07cOXy
355,mschimpke9u,rdainton9u@gov.uk,$2a$04$gOle13KO6C2tagK/j86bJuazKEDy8A5vJ4Fioy65xjrOpy4jhmxae
356,jbootman9v,cbenjamin9v@vimeo.com,$2a$04$EqtKkPROay8JSrZFrRsGqODuRK7QegFWOxXvrrR8GHLfHBrJEljGS
357,npitcher9w,telphinston9w@mail.ru,$2a$04$bHsJqAyrRqm2.a9ZQceFDueyg2wo/7WAvlN9Y3qCeNtXFj4wC4K3W
358,clansdowne9x,smatschuk9x@boston.com,$2a$04$nVCyOWcssA4Oz6V3OVW6nOJ9YLGGTqSy4wQLOjuAm8xMyxRTI.Pw2
359,drehorek9y,abonnefin9y@ustream.tv,$2a$04$W5pjbj7YuTfF2RM3QCMVTuWuohRtU5CU7V8zIn5HQ7j9Sg//4RlKW
360,rosler9z,sternent9z@hostgator.com,$2a$04$9.y8Z717Euw5wlZzd9awheA37sFwXwVBBFXQV0QbhpKU3Yonz6XEe
361,ldenya0,hallkinsa0@about.me,$2a$04$PibvkYxJ83y8t1qSBMYp/OLLlo2rhWPrF52celAD1DOvwQu0fg8ZW
362,aobriena1,cravenhillsa1@wp.com,$2a$04$MLmzpJZKFna4hHcw9bfgZ.gU/ktlT3Xpdg8.pJXLtEwzmFsnW5k1u
363,mpitwaya2,lmeinera2@who.int,$2a$04$0GedFR46JR3FADwUOsvMHe4ENMObs8dKvgsd82fLDkfcGtzcaW6Iy
364,mbeatona3,rkynana3@etsy.com,$2a$04$jYFQhYSqWh/jd3Yu2tWiEeU1UmlZSU5J.JYnjwxs51N3BZAXzFFgK
365,stailbya4,srosenscheina4@nydailynews.com,$2a$04$kh3UuAUhHcQjaVsfSd38XuZSE9qKr.fNVOdSJIAt5Z4Jq3yIXXJUm
366,cyockleya5,tchildsa5@imgur.com,$2a$04$aml3Wv7mOUx47K2WOZ8GReBZfL07pXYchjTjIh3H5NJDV2ms2NK8W
367,kpresideya6,bsickerta6@paginegialle.it,$2a$04$HbHzR08Js1aH9iy9H3vG3ukE1lXlFdKmCmmX02mBFKaqLm8ox8Q/e
368,rcressora7,apenimana7@unblog.fr,$2a$04$CrLpduy11YxuUoEWJhFZKeFLjNGSRx4bPr/gMRzehL86ng043FEh.
369,btrainera8,esegota8@businessweek.com,$2a$04$uX0ucfM/4cKinfnn.M.5K.aPAGNYWyeKXggQp0L67AEuWOLYzx78m
370,sshintona9,cdulena9@ted.com,$2a$04$79FIlh0uUbd8Sz7TE43X6.aTu4f6VijVJqA9lX.94LB7Oyj.hkDbq
371,aglasseraa,ericardotaa@photobucket.com,$2a$04$MruAH.bKle1duZDMyGG1L.qbt2mEw7qtL/2hUFxH5Lkwkh0g4uReq
372,abrockieab,mmcnicolab@naver.com,$2a$04$u2Z6HcQHaYYPlf/Bl0wwOOi1ypY3O.p6qUFAdyzLiuKVmAPvUZasm
373,dlutenac,ahayleyac@google.com,$2a$04$XOj3YF21XgaETe1cyqh1X.QbKEA7/g6IRhUJw7kypvdhPRxiaxfZ.
374,dwoganad,gplayerad@businessinsider.com,$2a$04$v5kcZoOAjUyyt7PhfcrlkeSDUXgeZBHylqtzFApgpCbqDbWQ08d5a
375,swyndhamae,cnorcrossae@yahoo.com,$2a$04$h7spdsAnBQCIXYg7/QZfq.dmzAlE5ZjXHHixZNaNbBuyB83H1IXMG
376,taugusteaf,rcallicottaf@tumblr.com,$2a$04$qytXK5XlZXeChaM5X8H88uF0ec4Q75xSHrqjuOe3AD/fVfQj.6x9S
377,dcarrattag,sgeanyag@yahoo.com,$2a$04$.HeAUJCC0ryu5r7tx.SFwOMcDFucU2Hvd8gwmz0EG2SCRPbWcakNO
378,bvasiliuah,rshelbourneah@hhs.gov,$2a$04$WvD.1CVCpFj9bCIwVbLFIus/J1RWXPw6jiWUcstNTQNHls4WIObiS
379,jsayseai,bstrongeai@cdc.gov,$2a$04$V5LzxhvSHBln2QgvUTU59e7ErUcZJJvR/ZsTASMtvizD2DwBCwEw6
380,zshakshaftaj,tbrakespearaj@prweb.com,$2a$04$2xnd7SveKhLxlNRWrroFpuiCUswqucRwmtuKpavOBJrElLLHTMehC
381,castlattak,aianizziak@ed.gov,$2a$04$03TrM9JGSoI1h5zFYplDe.fufLE1EZScbs8ajSGnO06aYlSn4IBaW
382,bflattal,dstovenal@huffingtonpost.com,$2a$04$EB3XiJ/i18v8cKXAJF.Jz.xP9yW4yBnUsWDa2nEHLLC3nLQp1BuX6
383,gbeddisam,gmacieiczykam@mozilla.com,$2a$04$JQbTijFuuV3Eh9YUez6...9qaU8gvCHXTucOz3OPQByXollmBZrx.
384,jcastillonan,emichurinan@jugem.jp,$2a$04$OjaWLCxYr7s5LVLd9l9iHehiA93HULTgOm7r9kAhZwDzwQ46Xj4jS
385,pmaccrackenao,jdingleao@boston.com,$2a$04$mtLMXkNxLs66WH0GWTSfieM.NZADCpR616by08Bk3a1YxiuzK3XtC
386,ocasseldineap,yosboldstoneap@nationalgeographic.com,$2a$04$BwkHzufE7R1XpgHczhyWHehC6mYEfMEy72QiwLNkGSkMJq.NoH7pK
387,osalsbergaq,dlardezaq@woothemes.com,$2a$04$RBMF44Xguwbe8DLzXuN3IuIJooIDudR8nLQsg5ummzbt/2eJcz68G
388,wbewickear,slardierar@networksolutions.com,$2a$04$QiQWJKDEoConGskmR0DMQ.yReIspdMQaA7g3QprjfuxaAua8Bwd3i
389,mclaridgeas,pmacdunleavyas@eepurl.com,$2a$04$5HAD6c96B4XFNFJ80nwbzu15MyP/kszd6aPAVvfZ7nO.iw1BSYGka
390,cmacneilleyat,mmapstonat@ebay.com,$2a$04$52hltJbHKfu1D2GPjlfSwuxEpjIQ96dSQZ0lgubBa5Rk9FWjeQbWm
391,rdevlinau,ebuttenau@msn.com,$2a$04$XLpr9LW6U.vFFdq9mSBoQOSLCtTOQ5GNPnOwY3ubgpFwb96P/yJ6y
392,chockeyav,kkemmeyav@cbslocal.com,$2a$04$L2OuXBN1x80R/JHXubiHx.QJ2uFUaZeZLUJB3n2x/7ODnMhWXK9hS
393,bburridgeaw,ewilseeaw@shinystat.com,$2a$04$vM/uiSPQ0lZbvjMvjzDXQ.hLtg0zoDBa2Hx4wYbBBz9p/ShA2GXZC
394,nmalsherax,dsomerscalesax@craigslist.org,$2a$04$Mu8mCSUrvU07PUyV794Ev.pQ.mjDTHzS9KIWtE1gm3yp4m0XEkBs.
395,abrabenderay,dgouthieray@epa.gov,$2a$04$ZUQC2sOpQLYyxgSwgMAJuuqxOlkx/6cTvhB/HmRDStoctjEOgGGl6
396,lbenitezaz,alauderaz@webmd.com,$2a$04$nq/5slkJnEvplXwIBigVJOC7v2kd3VSQh4awUyFxpU6Svy3maQCF6
397,gphilippeauxb0,cbeddoesb0@facebook.com,$2a$04$wS2qimKTqbbKCvg3.Fl2IOs96wkmUdI7LCFlSXtn7iiWqWzfHcwPu
398,hcrombb1,lsamsinb1@networkadvertising.org,$2a$04$gTaYAAi6mNKY19RrX4HkMeRdGfmkabFBNhJ6UyJuRSFjhVdGS4Ipi
399,cgadneyb2,agushb2@dropbox.com,$2a$04$n9yZXIPBliUDoLFfD3gEVe7UxypjjN/otSgwIojyyUxUWGWSXybXS
400,chowisonb3,dlocksleyb3@ft.com,$2a$04$LyFWiG2OviUCdGXXnxAB8eG9JBIsTcY/uWqTqYJ5rqlWGKhdobfXC
401,bkreberb4,ctregustb4@xrea.com,$2a$04$oonkvMpKUbcKz/wssZ4G8eaHGY4bvv2O9xQBfEuTkJSDYJoFPWjeq
402,bpalmbyb5,dvellenderb5@google.com.hk,$2a$04$O5JeR2APBBs.fboiPley6..O9jynGseRhhiwuy5KfUDebmtonL7tS
403,lhopfnerb6,afilasovb6@surveymonkey.com,$2a$04$eDEV6rGS3QokrMTWImBJVOZ8DcGEHB20m2m/mwdRknQYh31W4vaMy
404,tchinb7,jnutbeamb7@webs.com,$2a$04$uwfAQuAhLmpHJ94kRofMuOHTrjaUZB50moGFfESRXBgKxN5TBVnDy
405,lfussieb8,sshilstoneb8@irs.gov,$2a$04$QI/oLQWZG4kZA7U..9QmRuI1LPg3oVH5MvYxOHNCc0k64wdcXc.yy
406,fcarmodyb9,duffb9@wp.com,$2a$04$kqNzFcGhXXTAj.kMV3GXZuTV7VaIjac9gU9mfaw0WyMGj5WMjhJAK
407,amcgerrba,abelzba@unesco.org,$2a$04$SYRJDpryUqIabb2zo1Giiu9Ws/0qulDro0cSJuLE/cg7gY9YQ6i.i
408,hsantostefanobb,fcourtenaybb@hao123.com,$2a$04$63SjW7wRagBOOGd2urjqdeWDuKuovRqYwZPf5Mj0UHxmFB58Al/8q
409,btrittambc,lmowerbc@diigo.com,$2a$04$hyHJW7cpPJSfaGzdxtq15eS94q5AdJDeTrrWB1pfiPZbFEq3FgHJK
410,zgartinbd,nthackebd@mail.ru,$2a$04$IkSGk88ov4fUQDScWMgxTut.RBQlGprK9AHzWuDw.vW3dCWJNaA0y
411,cpasfieldbe,rfindenbe@europa.eu,$2a$04$m05Ph.KsxVvTKIJdtxyDVOwK5fd.sdp5FJGExUmLhvVQa0C.nFOpq
412,nlorencbf,mpetrikbf@yale.edu,$2a$04$uy0zIGnRiEsW93Jz5d/KL.ZgdzDJ7tlR/kmjdHFpP0DLTn3aii2Li
413,rbaderbg,hduligallbg@google.ca,$2a$04$7NyVEZw/azZyCXAat3TmEu.Wcci.ChT5OW51KupzgTp.O2Hm6ZfCS
414,ksynebh,dedelheitbh@archive.org,$2a$04$7dliWkC4MxWoi1gK3O9Ps.ZRAwHvqGdmYg35LB.owRufVrANg6Bye
415,creddanbi,ypenkbi@dot.gov,$2a$04$mKm.KqbxZcMD2plQcyZ3uOZpPaYEm/KCyY3FOVnSkZrWwrCjDDPn6
416,jalburybj,garrowbj@dailymotion.com,$2a$04$reLegk.8A0vHENKVZMwSXO5zZ7uyiZohDyhLFNCYgHyob/L15aGBK
417,mkirszbk,gharbinbk@soup.io,$2a$04$XGQahsTAx5oVWWPx0hFqsO1dxqHK9R3Ij0zNngKQOo2lzD.aCIE7.
418,mdurtnalbl,lcohanibl@indiatimes.com,$2a$04$vjTAvxkUj6XAfc94JHgot.Rkaxqj9GQ.t3PW2lMiE7pw/50ZpCdgW
419,hdwerryhousebm,kbidewellbm@github.io,$2a$04$T0KozhYoBk5/4.Cf2D2PpeiwfOmItizfxa2DixaRQZ1QqH5VC9kaG
420,shuskissonbn,cwarhurstbn@delicious.com,$2a$04$Tj/p/Ay24lVe3k8/X/lVPOo8Z3yDhmvhIeibaW0yLJ/ypFP1Hjvi2
421,dmuttittbo,vshovlarbo@uol.com.br,$2a$04$LrdY5z3YaybeB1p5h55gPeA7v5MKuQ3.B6.St2xcbFK1E7Fa6/Oeu
422,cstansbiebp,vleveretbp@columbia.edu,$2a$04$f77tyl3qLVNIV0/KoOM9h.XSbwxBHxdT/XOn62FRaO1oBS5z5sWHe
423,scrabbq,hamoorebq@sfgate.com,$2a$04$wRLnkSvQMqdjUm2pavD0Bu46SLP0wFwmsUPSryrYtSkTrzC8AoUBi
424,kmcguirebr,mtrenholmebr@w3.org,$2a$04$DKI.RbbxyfpFLNaiul.gCeq86mDg5k1UM/ovXvPZgEqLvKC5nBN.u
425,rbolensbs,jkliementbs@unblog.fr,$2a$04$VAQtOl5zUIbWV4j3we73t.riO1yDqcns.0HFdKExL3HnSMNnoM4Cq
426,winesonbt,emaclennanbt@delicious.com,$2a$04$hu25FZ.a9/nRfTDzR61a4ezRMeO3AGsKCFMvaI0zUh3yICXESgjua
427,mdrynanbu,npashebu@tripod.com,$2a$04$LvYYWOGyAjzXtgg.EIsrWOaV1dsL23u7MDA9qJKBTHAgjqphSGCuq
428,dhaineybv,areiachbv@is.gd,$2a$04$0KvTowoQ6Jf6r8kbtj/cjuAzTNgqa3P2o3TQ5Cj.Gv0JNRMJdJfDO
429,abaldungbw,crobbsbw@reddit.com,$2a$04$6DudNOX3ET/PG.kaLuMtCuanLM8A8gfKSoBRIcuqbovQqHluPLeA2
430,zdeussbx,wfremantlebx@examiner.com,$2a$04$Yu65qCtsujQvIVCVndKYI.NU9RNWmNfgDmpqYuykFbYhYQ9.8GXB.
431,mhartasby,ndalrympleby@apache.org,$2a$04$GBJEC703Dunr8gonoHxIHeQsHDNlWGNMY6fHFXbUdvFadeMGsHRau
432,nhammellbz,scurseybz@japanpost.jp,$2a$04$rBrlACeGD0VOjK0QP7lp4.mpAq7ALGYmLw7545mLY/1XKPIdtr22O
433,sbertinc0,eforsonc0@uol.com.br,$2a$04$hqNtYzAvZIfJz6y5.JORL.Rfs9QtpVXgE1XDxAMdFENXsdGTd5nfS
434,jgillhespyc1,dchessilc1@creativecommons.org,$2a$04$F01NKyUTsWIsNPRfEZ8vgOL/iagPexmBQ2NesceBCSocQljw0h/T2
435,bgoburnc2,mtorrecillac2@goo.gl,$2a$04$Nqc/tPPQKemfcc/WKwTnsOJ.jn0y0m3F334ZD.pghMWvssYliHc7q
436,mderlc3,vknowlingc3@hp.com,$2a$04$sX7V8GGo/qIB3ohEYS8XrOtdzlKxa1bGVcn2oVAuKudIGiQ6sy5EK
437,bhansillc4,vmantripc4@businessweek.com,$2a$04$HByg8rgEJ3EhyE/KHdsbYOIUT/3q11juqldQ1xL4jyGy1wpPqcDty
438,achurchardc5,mallittc5@printfriendly.com,$2a$04$EgBknELLdT8n7y2E0Vdkq.l55zc3Hy2qTbs81FbnSRiMFYY0x8DvK
439,ncarnellc6,nkivlehanc6@google.ca,$2a$04$5mDW.753Y50Tgg6p5dBs8eKVmvKdJaqhobjXTTVBBMgMxDVwahG6G
440,rpeealessc7,ntreasadenc7@abc.net.au,$2a$04$fjBIFt4fcSBZ9cjzJKnbBe4NaNYNorRhOSE8M4g/8momzVvRhceZG
441,bjiric8,jslimmc8@blog.com,$2a$04$gRoksMoTQDDvhW9eGY.zau8rg668aSGJv/TKNfjtwfrAT0pyY78xu
442,sdenslowc9,gsinnettc9@squarespace.com,$2a$04$my9Bf8aWDmHHKgqsBcB3huADHzueKk0JVdSmFvcS2ecEosIoRNI3u
443,ebrogica,mwitchardca@blogtalkradio.com,$2a$04$bmAtosUuIaVEne86MZiUxufH6kGXdOrzSWzhbS3CGfnwBMviHmTim
444,jpeoplescb,lkinneallycb@biblegateway.com,$2a$04$zpSeM/TJFwJvtWQWwydoH.xYQlwV6wSarEvGiB3uQ177YuB0YAkcO
445,bworlockcc,cverchambrecc@diigo.com,$2a$04$o/RJUvXDIFkh1Wr2UzOV9.HTSbRiWaTGNsuNtaIWbO5kxab7XBlMS
446,fmattecotcd,csettlecd@hostgator.com,$2a$04$p4BzRuwh8/DyPELNjAr2j.zJif6u0MpXdl4GWvYBg9KUs/qrrGZ2S
447,bloraitce,rnorewoodce@blogtalkradio.com,$2a$04$518f48BQgWqhBSUDZnEYUe3dimfy3yKixIdx2UTWi7L40XxQJg8Ry
448,ecowderaycf,fcleverlycf@nyu.edu,$2a$04$FbVhU/5BsL75pSFK6St7VuyzRCXNlBf.T5inWbo837ghy8czVCgLG
449,tgowmancg,jwhithalghcg@archive.org,$2a$04$ONAU9sqqoNj2z/kZ66QR8u2NcNnGL9QeuAHV.IVBPJcCBCquOhDjq
450,adoleych,mzuannch@php.net,$2a$04$nMA5jAoHH1fsoe6QbuOR1eTKdV4Rw62cxZZltNiHVa9VyoSnPoR.2
451,hstraceyci,afludeci@apache.org,$2a$04$R2pMkQz5C8cdNLyz/ylD4uBLIFBsNjOtbVyStR0Mntx1TAbg0/aky
452,dkunzelmanncj,ochimescj@adobe.com,$2a$04$HcQdgUXlZNUQbBsncP6zoOU32Q6jUnc./gtucOFnRRBuqxgUHZDMS
453,vleacyck,abaynhamck@adobe.com,$2a$04$yNZ0dPPtQIKpCs/Qe9tRvu84bTr0nt1p87dQO/8O0yyTIG2z63tF.
454,msimonettocl,espelwoodcl@cargocollective.com,$2a$04$oM/sRpRCOTOYNA9SZLs1.egmhXCwVYioU74G/Vrj6smUIaUgPWN2i
455,csilberschatzcm,gdevenportcm@prweb.com,$2a$04$9Bx6Mu7MSpKK1WS1JpOzte/OZ4e6bq7b/n8v41aohSoH3itxmrboy
456,abrungercn,xaustinscn@icq.com,$2a$04$4JwPY5gxhm.F.RdP4GRD9ei9vLFREi9Vzm7.sUxVNZViFEkhVXaSe
457,scratereco,ncreswellco@amazon.com,$2a$04$RUGSpXVS365kH.4qb3qJF.DZxD.aJI3.Ea3d6HSiCKXnDgP.tkzQO
458,wdumsdaycp,abelchemcp@storify.com,$2a$04$nFFdqXPa0DdSyKDJLjsBwuMPL.cK4f0l2MWzmR5rk06TJict8hTIa
459,ssauntoncq,edunstoncq@nyu.edu,$2a$04$lp.0acmIYpMM9EDrYaMjz.hcqT05.wH7S84dkoS3G1dXp1wd1SsMa
460,brykertcr,iclementicr@usa.gov,$2a$04$PKiTeoz1Oy3rl9AJT9IaIu4e87uFvLJtU5esYtdzcabFByPbFWyxG
461,bjeannelcs,bsalmancs@plala.or.jp,$2a$04$2tbLagc87d3ZcAG7Dp2Gpu3u8LELauuytoVnZQZFslVtPd7Jaepi2
462,rmackeect,ftewesct@ed.gov,$2a$04$3B/JIcCVVjbBSNKO7yP6nu5HpaFYwSTRQHxAtLpbgF6Qwe1J7gPCW
463,frossercu,educkerincu@fema.gov,$2a$04$k2/y8132wp.JhfpYMO9B2e5M4qkj3eDUKzJ6JMDIK/ij3Dlrircke
464,wbanthamcv,arevellecv@adobe.com,$2a$04$PAvoKI4b6kTjVHQ49/TzneFALDj03V2MUNZjoguZeTL3wlYkzSKzi
465,ptitterellcw,rgateshillcw@nydailynews.com,$2a$04$s7eVetRAyB22HWrE48j7w.ZtM2ERX7HDWC1rCnbNC2P44QwJtQJ/K
466,smacnockatercx,rheamuscx@dion.ne.jp,$2a$04$38R1ekQ2Y/opDfecd06W8e2p2ltWcffkE.Qyw/MdJbn9kEHXcIrCm
467,kvickarmancy,cmactavishcy@amazon.com,$2a$04$l/2bwj5AX6owwejNvvfGyuLX.ZcFHirtHnaZe6iT2Vbu6N9etAROm
468,origbycz,cffrenchcz@ca.gov,$2a$04$VYywFHFeQBPsEMc3WIXO6eOe1ZfcWAJDJDu3/Qolf5ZQQUQAAzSM.
469,hcuskeryd0,vhrycekd0@goo.gl,$2a$04$Avu0b/B1uGxm5gmYlaMaReOoeXSps15Xuj758spYmauVepTXIIiqS
470,rbinged1,ygannd1@ucoz.com,$2a$04$dPt.y2APbR6Qshkfer8e..w0vX8sTxKRzTZkdCvbPwDqsgUFspSAG
471,reustaced2,smotherwelld2@csmonitor.com,$2a$04$1uUifWzso1JMNaYDATA0lONdr1yvTYx/RYyFFkd0iemdbxC4hZ/H6
472,cadamskyd3,blinskilld3@prlog.org,$2a$04$f3hwo2XDjuSMk10165zQLefs.yFyHy5LMtETwgxmYyeBUagAHDclW
473,rshippardd4,emclised4@google.co.jp,$2a$04$OJO4D.WPegrHVqgTuavCQuLnS4EYDrV7W0dYG1NHBIzSGge3XdHRe
474,mbutlind5,aegeld5@wikimedia.org,$2a$04$zQBpMXXgQ11RqEEufIDU7uTILrPl9dSQ47Rd80Iu.ka8S9BIhVgxS
475,rdukesburyd6,sfreemand6@ted.com,$2a$04$H4Na8elMfxZ0ETHWWPZBh.M//.DY0kbRl9Lv.KEQ.F4XpihdLTygy
476,rwarind7,ekarpinskid7@wikispaces.com,$2a$04$N5dVM1p01y8ovGMcoCzLnOYVPCTjvINyVbd9xMLVxtycEOwrdvoNm
477,hbacupd8,cscarboroughd8@example.com,$2a$04$DgvXzmIjhf0josmXuq2L3uZ3MG5dd6WG9Jp/SQKTgU6xvNSZKn.CO
478,tcliftd9,smarslandd9@exblog.jp,$2a$04$qpIQXnBYMa.B6IzWLBReTuaZyb8fNQkJkYjlztHFZ/Bss2iQxpGTy
479,asillickda,agerrettda@hibu.com,$2a$04$V/QbJGTs3Zky1HGGVO8HH.DMqbl9.AXJb/YEEQpo36NRZ6cEigAyi
480,drikkarddb,tgritskovdb@phpbb.com,$2a$04$t8ubXfheOnxtuQJNc/MfeuF8QqyNCYqfiQDe5x.EDDs12LgbL/8E.
481,tlakerdc,dlighternessdc@sciencedirect.com,$2a$04$e/hvU9XWRuDho9FZt5CXQOgIAC92iDBQ/QoPGu6gt89VvSF/PsG42
482,pblancowedd,ccaveneydd@angelfire.com,$2a$04$hk12Y6jTzYXp2nJrvullTuCzCsNU/69nT.Qvvdv/8RwVFiKGBGfV.
483,mkarolyide,hmanochde@salon.com,$2a$04$nyBQ02xB77YNwBeklukxjeWLejM.UQfaGEufqiEDrwalap6iz3ooa
484,rnorthcotedf,vmiliusdf@360.cn,$2a$04$fs2Dyr5ZLCM94JqeXKguu..XVfAfL6IBEtHmBhpahP13yoOD1.BM2
485,sbartkedg,gmalcolmsondg@sitemeter.com,$2a$04$k06w.pfkGzTSXHuSyATdueyxJ6Xlj.fNVJiX2TAfoXAVxuSjjJq5O
486,dclacdh,sbonicellidh@ucoz.com,$2a$04$fKLNiK6dO1xTt6EpT3WmwOfwAZfOYXRK1SsyyP092wktORgZSM242
487,mglavisdi,lpateseldi@usa.gov,$2a$04$dKFF1Ltg0TAzoE.LhtvEk.MLcBpT3fuTf3CwiyW76lmiRbUsX993K
488,tmartignondj,tsinnettdj@csmonitor.com,$2a$04$xcfWl7mwDT640hl1wBSZMeaXpE8Pkx7KJWEcdoTd3sYfEh34hekI2
489,cmelbourndk,sfargherdk@networkadvertising.org,$2a$04$axJCkO.6DiKsHj2XzKgk9O56oxOXfFJSeAoIYaXDTaVmgSw9MZFP6
490,bbawdendl,cbrokdl@dailymail.co.uk,$2a$04$Da83GjhtY/DjpiTuR.56GuvPTM1iTsthPpmX4Flfr5lV6DazvAX.y
491,jstrakerdm,mclouterdm@blogspot.com,$2a$04$84jAwPiaJM.FRhcX0LmSUuKro77.LpusGNLtoamtNkUDf76SKQ0hq
492,jbiffindn,kmaccranndn@macromedia.com,$2a$04$H32N1h9.G8kH0Np6gfE84OroW18loVAFdntBzG1a3d.XjiLCHLFYG
493,gcareydo,ahadleydo@netscape.com,$2a$04$.19yWaelCCrlnHY.97m9BO70rT.PIrTTsb4OITYZY4fOeEI0u.TKO
494,sseerydp,pgurlingdp@addthis.com,$2a$04$09bTk/nerx47L40ixp1dku7Kb/ZTF5.iUQ4lKgKcmSqljHJt/Ie0O
495,brosencwaigdq,umixheldq@ucsd.edu,$2a$04$CQ3dY0PzatPZzw1ydkG.wOztcHmOf0nNrEzaxNR70IxQiU5mFeDSu
496,mgreatreaxdr,elatourdr@shop-pro.jp,$2a$04$Ky7ULJUix9yEcN.XyTECtuqvIfKTUpwxL5lG7Ux2uQSWNRqa4vbje
497,gnossentds,svoiseyds@networkadvertising.org,$2a$04$01THDDZFztvF.HNNKUgLue8uu08rl/e3gvSs3TX0uKX7XQxaKi0iC
498,lcorckdt,csmaildt@google.com,$2a$04$UkgxT5U.wpsN.HnrlLMJSunQQbZRnqWtY34jUj98.3.xNMqsRB3D.
499,jwitarddu,jsoffdu@bandcamp.com,$2a$04$eI.eKR5lmN/RH8Q78bIQpuNjsgOESUunidEmIm0fwiJI7y6lHGuUm
500,apawlickdv,rmartlanddv@seattletimes.com,$2a$04$5BYsGvkgAWNObc0ctoI0dOP03MtjtXlna2DhKBdOy7YeQsjAjA40i
501,acourtdw,chubbuckedw@patch.com,$2a$04$lz/JlCZ7qaitMywZig4Db.Jk1l2s7BJ8vswJ8zK7uDnowK.ocUifm
502,icassleydx,akinnanedx@friendfeed.com,$2a$04$/Snv8tb4AUqUDElDBM9AseDbJdsDMBr9NHkrpWM5A7IsQkjsZ99p6
503,smourgedy,blaitedy@pagesperso-orange.fr,$2a$04$UW2xzFpB/kh/9ozMuGNcnujsV8P7ZyU7BPnDUNtFMgh1v4HY2aN5q
504,ogreevesondz,akubecdz@google.com,$2a$04$P54HkAeBTsV3O4qoe8F6w.pELlsO/mGeqjoJavwmib23DqvP1Xb1O
505,jwootone0,gsitlingtone0@cbsnews.com,$2a$04$ZernqoGbF2sNlVZeY8FUI.F5Zarw2DYVJhya8PkF0CJaOCTcpySBW
506,smccollume1,agaye1@sphinn.com,$2a$04$ShOTuuC71dx0CUymkNVcRusavdXe42JGijOQgCUUUu1EOGQXz2L.6
507,dbuddlese2,dnystrome2@spiegel.de,$2a$04$Y.jD3mgGZmfkPjlz4AB.4.1YgqTzuB8eRd1Z9xu9rJzGF5s68Ac3m
508,tdickmane3,mmaccoveneye3@printfriendly.com,$2a$04$cbczc2b2Fi0nVIVahr3Tu.QKlNIQMN3Y.hZlWc5LusIogsHBPzWFC
509,lriste4,omaliphante4@rambler.ru,$2a$04$fIfh0qPJRt4tqRdyn1uyM.JXKV5VGWE0GCfgTtinHBLpaZ7gpd4q6
510,calbroe5,mfilane5@comcast.net,$2a$04$AtKsIAeLMAifSD1FU02ZHO0qtxr8NHPnVKGo5SnmKicn4GtxySi12
511,twillanse6,bmccutcheone6@marketwatch.com,$2a$04$5uqLtTUvPfKDv7iABqXsau1zKjw9Ocgw5Fo1wcbXn7P8qCZ/eLnW6
512,dhulline7,mpigdene7@slate.com,$2a$04$lkIIqyQ0aEpjtPjJghRvneK/b/rdXPcRRnQoypwSBjWoV63VQxPz2
513,nanane8,rblogge8@census.gov,$2a$04$1FiSrPpS/AYcdyHtDdZSmulUmz5.Nyjo1Vz3cZ2KHGTqLcEJxjIL.
514,csymse9,dweatheralle9@wikispaces.com,$2a$04$6Og06rnvdZjHyro9v/47peqHOk7SeoyyKOF0/JzMePX6OBY6rILQ6
515,abalharryea,ptumayanea@bloglovin.com,$2a$04$pkqNgs6TBsxxl0QW5UOxzOxGvPwIF7S2SabARBWmGZFfR9IrwxpLe
516,adockrelleb,mzammetteb@deviantart.com,$2a$04$L2tF2ARSxuhvvukvBROl3e1L94FR.epy8eWC7gxrTnlqOONKFmg4u
517,kklimkowskiec,sdurrettec@typepad.com,$2a$04$Cjh.Wzks8cmhM1R4z6V8A...GwHbKo8YKskFD7rk6.bDGDA22Z69C
518,aockwelled,tscholteed@dedecms.com,$2a$04$zJUDgyoWt5oXCSt.gYYHKuvZLic4nl.lQE3PKp0AOrjmQXAtv7SRq
519,obalderstonee,gsturdyee@wikispaces.com,$2a$04$jqE4PJCoNqpNry6WEaGY4.5VCsFWdwGBTdZKEi.F6i83Eo265KDmu
520,mmckieef,blawlesef@canalblog.com,$2a$04$iyHVdprFdmdxMqyHI5VztuxpIe6mh7EQ1JK4Bz3YYldhfSjxj3Du2
521,drhucrofteg,ebilletteg@facebook.com,$2a$04$TkvHR1ARNJC95pF8pKbIp.jAf9yPvaddXKaCBl.DKJU2san9Kd9G.
522,apotteridgeeh,ckubasekeh@vimeo.com,$2a$04$4txzQ.HiRIrf7PRK0VEE4.Xt7MMxdjKih7pbGtDua8F2VkmvmMBja
523,ggoodayei,ejoslingei@sitemeter.com,$2a$04$RYkZaf6hJW7EZv1HwOmmdedFB.d.EYgqwauop9iQreENaQIxeLJF2
524,sbursellej,fsperrettej@gmpg.org,$2a$04$uNEt38ulmIW7BYSks1bVf.eqyAe7rdLm3nl1OuVTsLIq9F3cB1Tq2
525,atomblinek,alongfootek@quantcast.com,$2a$04$rwPOY/4MLOOQQ5OgA2.SK.F0mkmXDLUJl.zwEyFFyz0VDxLTA075G
526,amessiterel,jwalentael@howstuffworks.com,$2a$04$j81hyA403hTRZU5tppXqUuzTWF6sAX3Wd.UXrG.zot99xgfUui8RW
527,mcroughanem,abeneytoem@miibeian.gov.cn,$2a$04$mNt0bbLHQkaikrXZNU6I6e6aBDLoyd6fB.bXHtcPOqL9csLWJ1X9S
528,cmuddimeren,clawdayen@goo.ne.jp,$2a$04$6elEfpw6h8zRaWi2p4BfZeBBwsby.h1jNHgEI7J.0l3lawB8R7U9u
529,adunniomeo,ajeandoteo@xing.com,$2a$04$bFvK8I0OcEf.BpVGKexI7.LFSrcEcpT3M2lK/IkCPXlcEZOUAbBf6
530,boutridgeep,mbailsep@google.es,$2a$04$n2YfF4lAV.6LJLuk1K6OA..GizVkIMwdBqkXhVLzkncPKIIIFbO7S
531,rpagnineq,rgrinioveq@mozilla.org,$2a$04$dOeAvaR9NHkc5U/qkPUIVuWx6PpcO5XaF4N6K/fBG/dbkhEjxMQ2K
532,bpeaer,xhadlingtoner@weibo.com,$2a$04$Fs7XhdwGiLL0h5EbqTIZmO5DE4l24H1qoVaRZFP.O0nff4.9o3mgu
533,dcloweses,blearmontes@jalbum.net,$2a$04$Qy2jXBUGgWokWJ59rEyB7OCFAQxavEc0qyAAHATEH9mlm8ahsNTCy
534,egrisdaleet,mmenhamet@jimdo.com,$2a$04$bDhxpUHXANMiYpCZ76sZVufO5gk7Z0gp8AGraXCAo2OagWkZRWHxa
535,smundfordeu,onoireleu@istockphoto.com,$2a$04$owkG3RkMA54qFgHrEKDeJurK7zh0bLuTD/j.ktUxvKd6/Y7X.nvR6
536,eedsonev,tlauretev@friendfeed.com,$2a$04$/Qtqs518DVN.t2/y2i9aHeyclcc1ZMI3fpnzxhbiPcllCvDYeCJ6a
537,htolletew,hjehanew@nyu.edu,$2a$04$OOM5kwwFsIaU1ledMjbVY.gt19.BDagZuO2WA5z4G942mS09BeVjS
538,rbatripex,ocrowcherex@oaic.gov.au,$2a$04$wkBxA6Kyi3O3j2yHGSH.MOrq/BQ6KFsS0ySZvJy4q0N7cbQ2MScgO
539,cstanelandey,bvarnalsey@google.de,$2a$04$Y65sVp6.34kBT9vwbSeHLOsZlWoNH8FIhZkFrCMoga0gz8Iq.QfYa
540,clindsellez,ljunkinsonez@independent.co.uk,$2a$04$7ycFk9GSvWqFgXYuFtGC4.OJs1y443CVjEp0zBKM.c/.TS76LHZhi
541,povettf0,kstrickf0@berkeley.edu,$2a$04$KpOj.Yefj3PfmiOA/F4nE.KH1ByW8sVRipPfK95jI4FoDyFc8jebC
542,ctenwickf1,bcorbenf1@sun.com,$2a$04$0iEKX6p1jafNN/eSaMcsUeoDSr8OhB0xwhVhZGnMBomgzQ8kjbkMG
543,sbugsf2,kvannaccif2@angelfire.com,$2a$04$Sxsh/FzOc4eeBGUDyM4x8OrRmm211UbmFt/R3bFn.q/dPAjXF7l8C
544,gmcqueenf3,asnashallf3@cornell.edu,$2a$04$iiWvUzAE213s4FFAhBembeirdckNOyy8TZ3CeBxdMTYs4SCI0GqdK
545,mrebanksf4,bcomettof4@kickstarter.com,$2a$04$C5WAbc/kIaSogzVoHH17FeQDDGgPh8zbO3G.LD7NYzhvr93c2jzCi
546,kjasikf5,cthundermanf5@dagondesign.com,$2a$04$x0ZzbtR3YEAirRKiU3vQ4ufaXkgSJVpGMlGC.G1RjPxtN9bdJi5eu
547,wfreiburgerf6,jbairdf6@hibu.com,$2a$04$WANuqyIy2SXRRuq/gRH1uOI0INCsGhk.8onFSGfb7aOYvFN3vqGrW
548,jmurdyf7,cnorvellf7@google.com.hk,$2a$04$fr2ayTlN72GEYjosUGSmYeVZhgQm1awCYiFjBOitQFoqZHVRKDz/6
549,cstermanf8,pechellef8@wiley.com,$2a$04$sjwuSBSFNC7PHrszUabyMeyEXopRSW6I4V6qK70iYZwPwqAsp8Ldu
550,tiacobonif9,bbrimmanf9@washingtonpost.com,$2a$04$2f..rgtGd5.AK8p78sliO.xLQNHe5wvsqvWYd.kP9GmI6pekHAF2K
551,bkahenfa,kchiecofa@timesonline.co.uk,$2a$04$ZYKk2sUbZRoiDlOAI2g/necGgKA0ujy.fPWlV8KS4ciOibTpQxELq
552,blinfootfb,kstookesfb@addthis.com,$2a$04$xloiu1Bt.7EBxKqWnhynd.tA81d6HpEjTfyIZxLg6f.F7DMh94.Tu
553,hdikesfc,strathanfc@irs.gov,$2a$04$k.L3qk/Di5kBAEZ4R4u7/.RAAICF85DHqdrqLUcfd43Nwl.8PmumW
554,bpinyonfd,dridpathfd@w3.org,$2a$04$jb6VcMnneGXAszkQe6dRUOo461brzdHeDK8e9.4D4NJRHiD4zItl.
555,erodiefe,estrowanfe@usgs.gov,$2a$04$5FS27uwzcwsBPHvSp8gwz.zL4mtKFgjoY/FlKe3eL199pGwsWnwz6
556,dcrambff,vfedderff@com.com,$2a$04$i58ZFcFAct4D3sIh1zw8J.cRgb3TS65T/Puq60wL03zA1HAzLj8kW
557,kupcraftfg,hthorlbyfg@youtu.be,$2a$04$OyehO6gR3DJTE5GvqdQgl.22ZwcmuIZMzmUMFwJJYAkKZ8IR7Jbb.
558,gmerveillefh,vrosedalefh@ask.com,$2a$04$vJYayZ/JGysndeHvT2QlNuCJbUF9bMHl3BrfkmCj7/N3qswR5hZRy
559,pjeannequinfi,sproudmanfi@com.com,$2a$04$znXnOMLbDa72k.ICw0jj7u9QAyxs9deHHhKKS5OT84ufzDLm.eHoa
560,sgrundeyfj,sskonesfj@wired.com,$2a$04$5vPFM7CcpeBPWuhhbFph8edIj9du.e8UvIcKsQbtRAFcMzF9j/7Lq
561,hpohlakfk,kscarlonfk@slate.com,$2a$04$cB4VaXFhn1Tjz/4IcBRdsOVa8eQi/EB8r8oD/LRBWgykG1JLuTHTu
562,ldibbsfl,mbarkleyfl@angelfire.com,$2a$04$a2aLUSKJ41PO00jfO0NIVezshQ5THOkemv2bukCLevwdFv12r0s1i
563,rmacnucatorfm,efowgiesfm@mashable.com,$2a$04$ht9UyCmoS4apCaW7fzAu1uUy2NZIw4Og1iSpjdOfnE9jpIbusRvou
564,zlarivefn,bgypsonfn@deliciousdays.com,$2a$04$Fd9oJO3KnUM6b2CbaqLKre7Nre9ePD0l44Puldhhca95M36eNRqFm
565,cibbittfo,rfeldmannfo@apple.com,$2a$04$uBWmmp4jtMP0iXSPqOuEWuX.8eaiIw8xps4f63fhJCB8hQjtw10ke
566,tbartrapfp,rrosingdallfp@cmu.edu,$2a$04$KSgeIeKJ3Lg8hmiY8opin.v6ifJaxM2KemjE93OBNLOjfAiy3uqRm
567,ajeansfq,rweymontfq@twitter.com,$2a$04$Dr5EZ/Jrut4ve7oyPOejH.YahhZdL9RXzutM61EV7ChF97NF2YvAO
568,dspaciefr,ltembridgefr@army.mil,$2a$04$3zuRYnfpOsIcJOJbAtQnD.mvnlvgPUkC8IumRns900LvwXqmPHyYe
569,bkeenlaysidefs,jlinklaterfs@prnewswire.com,$2a$04$RDT7vE0NGvIXAjdkMoiGK.wCnmk/8Dh2R4n2CJ/nXGwBbk59RReIS
570,abrodheadft,rmatveyevft@opera.com,$2a$04$uBXVJ57Gs4RBTfK79CJcieRpqHRY6mK9UlRsuHtPNSuw/9bVa0s6e
571,ljusticefu,kcastelowfu@biblegateway.com,$2a$04$LbECqstxsBnc/RxXexKvcOWwupsjXGNV4M6qMe2vTNEAKT0wvgE1W
572,hpateyfv,mpinyonfv@unicef.org,$2a$04$xXLfGkWFV7AwmmX128fGEOpBKEMFKYyN/q9Lai03x6L51VEA/a8k6
573,dmcglashanfw,kkleinsteinfw@1und1.de,$2a$04$c2cmgsgKqX4ovcxAdJ3XYu1IVS3zudsMuRakWSHK09G5udfKDAUF6
574,gtixierfx,fhaithfx@technorati.com,$2a$04$mPrmAIE3V4l1zLs78uvRxuM6t.v3cS/5g.LcUFXLxw4lm15zdVVLi
575,pjenkisonfy,gberisfordfy@github.io,$2a$04$CMbGNaQ48zE8rf/v5pDbjO7A3SIboSYOW9yXH8HhGBLYMrhB/P9aS
576,bstangroomfz,hmacaughtriefz@bbb.org,$2a$04$MjahBKHCnvZyk9ATWt7Jd.4rQd5laiMOLAr6Py6f5IwGB9Fcdp5tS
577,blarensong0,mwhitnallg0@latimes.com,$2a$04$RqRVZamq9Pjowlg6l95rUObXgomP14uZBD99RZvRV1PeU2gioKu2S
578,gridettg1,hmcgaugheyg1@infoseek.co.jp,$2a$04$eJoHqHh.IPkLaqdYRqC1LeF3IJeejhvX/1bOxYQiSSIKJSjmyy/6O
579,aculbertg2,kmareng2@arizona.edu,$2a$04$9l/RQ6o5MEXkNGlJf4tsGee3gdd./3PAKXhx9/QMCj41xH.5U5nOq
580,lfancetg3,qtaylderg3@umn.edu,$2a$04$.PpMQLuK8iE6QXrVq1zsze0Vj1qefd52DaUTQiopqww4MjKkPUPRy
581,dhousong4,tlaydelg4@odnoklassniki.ru,$2a$04$UV.TOxxdDSPc6dxj0NkziO4Ik91LcPV9N/tr0mQo221RmLASngESK
582,cclaceyg5,bwoodierg5@bing.com,$2a$04$/ZWTLGXR3yI8LBZOGggCaund4EUyZxxviBMsRad/.bZfIhRwj4W9y
583,msammsg6,rewinsg6@ft.com,$2a$04$CL7KoxA/nsoqQD43DAzhv.36eEM/cgka0ejw/AeaAyIRFw6k1SAeS
584,vrosenauerg7,jbrambleg7@sohu.com,$2a$04$N7enwGSVRKW7xUTlGnDQTuVXCiC4VkfU/zXX9m65EtCN8ro7Pgb9a
585,emcgerrg8,bsperwellg8@reference.com,$2a$04$2b8/iMrsPa.IWzU7o6R9B.WarZunBC7h9cpL/Gb/SkBNEiUwuM2ii
586,morgang9,tschrinelg9@sourceforge.net,$2a$04$obeXitn63Gdex62hz2xpj.nMLMC5lD/O92CXofhHwMeimd/wUvcw2
587,edowtryga,boglega@mozilla.org,$2a$04$2W9p.aYtJWT.BKmoSeU5a.EKAnyz4cjCMGUQzUxAWYuSd9FecqFvS
588,achealegb,shelliwellgb@prlog.org,$2a$04$2mzfDzaFgvh2bM75uRDQ3.da2N7OED1QhGw3Z/iAkfqxOpxO7zpyC
589,kpedersengc,cmacvaghgc@yelp.com,$2a$04$crHWCxEeu/7ssn0zXcAHCur.dMFZXDQFuLRDB9Dumat.1hZ26eMLC
590,cwinneygd,hsimmingsgd@webeden.co.uk,$2a$04$MmH62tUNj/4ePsuwQTvtFO7dfxxZAxFu4aPDkD5MezNATKqgnH.aG
591,edimelowge,agatchge@geocities.jp,$2a$04$qNXiroCXTVL2GCaOgJVdyucTh8TwoOBeUH8yaLudhaTd6auN80IVa
592,rtembridgegf,mmcanellyegf@dedecms.com,$2a$04$U8MgywYumGT0hdy9D2UUzOK8huzk3kswubkrzWv0dIW14o823yNCa
593,educkgg,bgantergg@cafepress.com,$2a$04$QwFz9O7dQdeyLg8ZXM0J1Omu2DgJKDCm0JtByTKUFOqp0oIeycay.
594,jdorrogh,uravenhillgh@histats.com,$2a$04$xi8AVR/oZaUPkKSxTzscP.8kSblOQ2d4VMbvo3Fb3V.bnyZmGG/Ca
595,bnegrogi,oelgoodgi@buzzfeed.com,$2a$04$vL2uGgDMXfdObf11/y0meOxnqUsZnZY1gIOKAAzgyEE1h.YabDwl2
596,nlydiardgj,etawtongj@chronoengine.com,$2a$04$9bqmiaLJGKRYklcz09hSTO04xUTYPK8MURHWp/A/mGd4QKJmELmsW
597,jbeltznergk,fmcclenaghangk@domainmarket.com,$2a$04$ly6sdvJW9b5/mmv.Cti.5e1kkjey3QLBaxru/5rFcyKwHzxQv4o3O
598,bhartegangl,hpancoastgl@ycombinator.com,$2a$04$19Jsg5phQ2WMT/.NHlFVTetFqyPVYSO3dghFeAJjPYoh107YEEtPG
599,wroseamangm,awhitsungm@mediafire.com,$2a$04$DO6gfYlaCP9tHCOeBOwq3eok9oO13WwOBh7T2MDJGKv1tIRQekib.
600,tlamanbygn,dgristwoodgn@slashdot.org,$2a$04$KX8ndUXuV736wqab1sRhQuEqFGWqpPxhs0ciiPYeKb4yijvqH/nY6
601,hproudleygo,rstaytgo@de.vu,$2a$04$XeouZ2WRIyJBYh9QgyFVpuiUVwRtmsEYuz0Egx6TPiyZRKDdf3RbS
602,lmenchentongp,vsuttillgp@bandcamp.com,$2a$04$GWPswY91Wb0Y49GDvyEwO.RKYMi1homkJ635CrQ/oxm6d3c3bIHN6
603,abaylisgq,gocooneygq@yelp.com,$2a$04$mg/KafbyDWvkohZMR/QUFOw8NIs55TWkqTxp8oGEs3M5Setfe.ITK
604,amcteggartgr,lprattongr@shutterfly.com,$2a$04$u5YCvkdqJGYIw5PsBsxVsefWH.hH/qeAXF40IQ89w30sRglGfsK1K
605,wlamzedgs,sdanceygs@over-blog.com,$2a$04$2Ruxn68TcURoYTQlRuwTJerAYLfxzmVKKTuS9GC8siLM3kmqtpi0a
606,crubragt,bphilippgt@reddit.com,$2a$04$JQ3UawLzttsZYXc44kwSpO9UZ8R/ZT1TjZCZP.uH7G80U/O7ECIQC
607,gquiltygu,msheryngu@seesaa.net,$2a$04$Hrk.GL9Weo0tWSugg0R8mepNEOXs4S6vUb/5HcYiUsQMOJlB6sJ.e
608,uaroningv,shurnellgv@google.co.uk,$2a$04$/8j7CCxGtYN.MObhvdQURe6wwGPhnpJogFTl3r3pBufmUqixgo8SW
609,epavlovicgw,agreesongw@thetimes.co.uk,$2a$04$ERiNXkstJ9STj5.Kqv0CiOvq8DPue24Foe8S7WnRLJuf2MhVKOXNe
610,lslessorgx,gwhitesidegx@google.com.br,$2a$04$A/3xryrLnWV9DBLVJFBQ0.0sFrh3FOEYIq5he2hGz.yeNQsafOGdO
611,cahrengy,feleshenargy@freewebs.com,$2a$04$8VSOit/spt8VJ5Ihgh.JeOSjHLpPYPDDQAbzZY8Sinhc3Uh8Ga82e
612,ywiggingtongz,sshaptergz@google.nl,$2a$04$HkB.HzEhH69e0qiQTNoU0e.XlFLBW6iffABHUXFGtBmpLMqvjStYG
613,faleavyh0,aflowitth0@europa.eu,$2a$04$dWx7s8uOrfb2re5gTABZVOhStDXiuHszIo51q5pfPt7tochGn6fpK
614,skrookh1,vcundeh1@samsung.com,$2a$04$S9XLfODZ.CZMMC.ydW4JdeiJGWc0AFWZoZ9cYxv507cAtN2MFCsme
615,jmaddrahh2,umulqueenh2@engadget.com,$2a$04$2KkLuEBpyRuNH4yXvWxsFucnTFACIDvJCQk/vwogDp2VJLvQP2J5e
616,rspriddleh3,efusterh3@amazonaws.com,$2a$04$7F36jqeLGGQrLkBC3WaUcOVve51i75IblzALiH3DnX4vy4AL1..ZC
617,rsleighth4,eokerinh4@marriott.com,$2a$04$dfO1AW/UVpK/7YAkvt6KSui2Ab2TjElPBZqw0vIT0wxyGLqtHjWdm
618,jmingerh5,nsabeyh5@artisteer.com,$2a$04$JSMQBlRc9h.ZiIMWSf0kAu4UUYrpgxro9/ZqxotS0yoWY3zDs5fd2
619,mandriolettih6,mdinceyh6@nps.gov,$2a$04$D3ZjfAK.sGdSNwPgQUHJjODH8HFf/wTyOXCxUKokfPfh6fCSEA9YO
620,adibbenh7,rvlachh7@ebay.com,$2a$04$vZYp7ZThdsk0h9a0yGcElu637YEq5Pe8K7hHrxNblFxJ.DAieRR62
621,bdegiorgih8,jlatchfordh8@webmd.com,$2a$04$HlH5URgXqnY/yW7tJXCT5ekpmxfCzoKbgGm9KzCjDp6dLUVuz8iyC
622,pmuath9,samangerh9@eventbrite.com,$2a$04$q7.XFF.rFObDO0xAXyJVvO/Ljf8DA8dy4t2UWW2AMVLlvEbERZ8Ri
623,kmcgookinha,codesonha@about.me,$2a$04$vruDG.btUravtR3J.t.XfOHEIhSzh9r8YdEEdnRaa54PNY4ZwPiZC
624,poultramhb,vgrasshb@businessinsider.com,$2a$04$oeyRaLm3PtpX5KedeKjq1Ow5vvuOP9EqRHthEo03YIIeOxkj.ibVO
625,ddelvehc,sgawnehc@icq.com,$2a$04$r2TK5RyS9CBFv7kFlvqR8eB12EczrPPHSL4bss2/ZPGzFGGZ1L3VG
626,aedmetthd,mtessingtonhd@ow.ly,$2a$04$ZCENEgYLxjcNkMu3Dc/tpOGQpMtOqtWmx8tIDHAiRe7l35r1WUroC
627,bnarramorhe,nmocketthe@drupal.org,$2a$04$VrxnD/iisQNoN7Qax2lSeeO6IUpmoE36kdxeKtzPfpMpuTCxf4l3K
628,dheitzhf,slabatiehf@cnet.com,$2a$04$uvhvmSqUMgq1TaPvwTLf5.N9pydcr.IRBaF6t3j8QXG7UGUvKT3EO
629,pvahlhg,acunninghamhg@icio.us,$2a$04$SO6xEhdJI/RT6IxAK8tc0OY1V2jY5mTzf9lHVxWJI0uk18U3PRLUy
630,blerhinanhh,iwytchardhh@loc.gov,$2a$04$xe3gynPGUMIakbS84YcAS.xfn2iI0cWcegnYNxxwzRR45FDNwdpY.
631,froxburchhi,binotthi@paginegialle.it,$2a$04$X5qkvMflnHdGtZkIGHx1F./LcLWBvMBlvqPYja6by2n8EUk.3GnCK
632,mcliftonhj,mloveardhj@symantec.com,$2a$04$fPxVMtzW9z.a67/m4qSpWe6CM75L/n.5kgwHURX/bDSnwHh4XgvKi
633,ifollihk,acoatshk@google.ca,$2a$04$GqH.9RhF19fjUpdpqeS8Ru2WtaIbdasbcvDOs.UobgGd6Sf8T19A6
634,amanueauhl,acarriagehl@acquirethisname.com,$2a$04$53vXWW8Scov42jAzdylpZ.0pbzQv9ENrmh9S987CExiuYA.EI9Z5i
635,fpleumanhm,lcrofthwaitehm@addtoany.com,$2a$04$ZDgBS8HH6mi0a6RVrQjWVOwro1whxpX6Z.VLV2X2fZOLgaSXFpoh6
636,aberreyhn,asillitoehn@cdc.gov,$2a$04$.AMEAFDgT4mQWEjcW9wR3.UzkGtw6IZB3UTB1gCTDSC7JyOL1CcEK
637,ashayesho,csarfatiho@bravesites.com,$2a$04$67yH41bP7MD6Dcip1Pm82eWghSVz//eT3aYMECrvOYskpv07sd0HK
638,epembryhp,ssheahp@wiley.com,$2a$04$Eg2aem.ciT1fUk2zTaWqpOHNzgqRSxGsUdaZAgVU.F3aFy1DJEoaW
639,gboolshq,aharridayhq@nymag.com,$2a$04$7wi8dd8SWXROfEMPBuDs8eqhSEaqtYlADwt9rGAo/slHz5l3Me8zq
640,emontelhr,tasplinhr@netvibes.com,$2a$04$JqrYcKPyZJdezxyu56whn.eutQ7IHvhjgmkSDk0oGe.7OlFhhhcoO
641,hfarmiloehs,kcapnerhs@yellowbook.com,$2a$04$i2MmNBkuvTZ0gIhNExD2VeGZqjBIkBulqEvwIaDV6ppVPSEUiiN/m
642,rwillmettht,cdinseyht@simplemachines.org,$2a$04$ROGgOqgiEh.ScoaAPhJREuIi8XZOF9VFvlZV3YJ3VgnRFIQvKaQda
643,ctennisonhu,dseccombehu@delicious.com,$2a$04$trkEqRBuMuJHcvomaEu5ROBgl5hTsPGuY/2hl3LEto2qC89F0Xzw6
644,bcohenhv,ahazemanhv@timesonline.co.uk,$2a$04$NnXsjqm/QElYna954G09meJMOsPyTjD8cl/ZSpjSkSNjVqla1Gii2
645,mportamhw,bdidballhw@dailymotion.com,$2a$04$oHkOLzOxacc2.4541aA0fOp2v0t1bPjFcKCUevqiW99SeBWmRTV0C
646,emolyneuxhx,nnaultyhx@elpais.com,$2a$04$XgU0.z5iAPcAhLPApEEHveZ5IoAMSwbdHbYTeGrp9GWkKvpDs3jeq
647,kkitchinghanhy,dzelleyhy@businessinsider.com,$2a$04$IrJTL8iCS6VuAtuZdXs1GOXdYyIS/WM54tIp3oDqmDisgFsLHGjvO
648,mlinnardhz,dyearbyhz@newsvine.com,$2a$04$EXeLevbWWcCvdzaTRonZxOvTxhRe4/yNZnhAomsgBDl8yfVTpfgem
649,sdunphyi0,smetherelli0@usa.gov,$2a$04$fF0fVQF/4kbckgQNegNZqu4Fh.P2.bj6f.oIRux4kahs1Xej2AvaW
650,dchurmsi1,mberrimani1@posterous.com,$2a$04$F5i7R3ojTgZrB6NK34I9O.mqg8LO1vVdpgD01y9mXJBqhC7s0X/6O
651,knorwichi2,sholborni2@harvard.edu,$2a$04$ndaGfeuqeT12m/wvOn0/f.0XT6OIDxIQxPwLER9mY5AuNWqVIQSg2
652,awoolseyi3,nslesseri3@reverbnation.com,$2a$04$p4asqwimKPGDNeAUo07Luu9iuMpD30zG9sZwx4pAw3CkVLq7jnkXa
653,tmarkusseni4,cspiviei4@opensource.org,$2a$04$j71K6bVtWerzapFIrvyhFeaFoBUlCsWeCRWded8vDhStOj7VGNgsy
654,ppickervancei5,gcornillii5@tripod.com,$2a$04$hH1TDguXaAy/FXX/SgDFWuCLcZCRLkE5Zyga2H48tkhN2hNGyXnp.
655,oivimyi6,bhaberfieldi6@hud.gov,$2a$04$R7Qj1smw.J73kZtR6w/K6eIU6RbthDszmwNdUjRcynYLKepEU.H5C
656,gvasyutkini7,rdewarei7@stumbleupon.com,$2a$04$.kQTnLsPVYpzWLjvISJHj.6VhVF.BHkWs3vNArTXgeqBID0rNKgjq
657,malexanderssoni8,mhaselgrovei8@nydailynews.com,$2a$04$c5FyRllqI9IoQdQXXx943eyN6iRsE7BnWLGPqNL91nrnI0YkIMPLW
658,shopkinsi9,ybilhami9@nymag.com,$2a$04$CDKinKGzoUrqWgDpH5500OGac8icDkJ38XXIXZ7k3a7hyaZIDLfAe
659,speleia,rerrolia@howstuffworks.com,$2a$04$5/j.O0wrDIznkm8b5UkbK.k1PKfH7/GjD7lgBYPiC8H7SmPUZxLSi
660,hmorib,cvideanib@mlb.com,$2a$04$99Ip4MG2oav43UYtXKRF.OBZp6HBcLCBmdlU5pKbCKdLgXv3wpwiS
661,lpoonic,leakensic@msu.edu,$2a$04$.7xXphywDVWGKGKM/XPzQuQhsv7/oUTqK5Hwq2TviuplnyK3PCk6K
662,pblinermanid,apeskinid@github.io,$2a$04$RliB6JPk/V1g098jD.4xleeyGjmhJ7mly8CSPaQCRyd6Hd9xUs93e
663,callibanie,squarlesie@gov.uk,$2a$04$Mpe4mFPrKCogdOC3MtPSiOHGt80T5VBjJPtXj4alyDsntipJ13t6q
664,pbrideokeif,darnaudinif@mashable.com,$2a$04$n1iEa0Hs.EGNJ9VJBJJi6O9hUEUbD90oU1ygj.IhedL31AgKil/Ae
665,mblazewskiig,mgolbournig@webeden.co.uk,$2a$04$A3vPDgO5XCPl1jag2oSq0ubpSZJ7hQ2acAGn33cQ5DBv3NciN9nu6
666,srabbittsih,nportlockih@wired.com,$2a$04$3xObQEMDDoYNrgDemNfEaeMMPU0HuADeAPvVnksR6BeD0Dr5r1eka
667,mprandyii,sdomicoii@chron.com,$2a$04$yj2.YmpFWsxmU5c5AHCVc.EUEnBUN7ZVSFIdV00EwJoDK5.J1NLkS
668,kberingerij,cstillmanij@blogs.com,$2a$04$eN8ebyVkNpqoEGw.YtAU2OezYIP5cyfByqGTJUpVS9ljQCDWbe.h.
669,tbeaneyik,gbraleyik@hubpages.com,$2a$04$mm5FPzNy2478pdjpWXiDy.DhGbB.9q8gXDAhsumCwceDMcrWVJ4dO
670,hwetherellil,rkedgeil@feedburner.com,$2a$04$ujzUIWRSC287b1bVlTal..oz/BWanLWMYCYy2VBO83eH37WNvq406
671,tbrummellim,jleleuim@tmall.com,$2a$04$1eYxsH3fNbDHWuWjdRgrE.oBn2Nv/tSb7Y/UcoRBhaHYFDg5GmmgS
672,ngerglerin,lhennigerin@homestead.com,$2a$04$8FOJMx8XUrDOAj5TBEnmYeQLEmBqI/VKSXZRa4wp0GtshN3I//NMy
673,nbardayio,catlingio@e-recht24.de,$2a$04$7r5AUpjJirjEbDbWn0Yzq.Xs8gcKAKRQNuh1DNi.5KT/ib7nxWzQO
674,cbarrasseip,hcharlwoodip@whitehouse.gov,$2a$04$eBz3owWyw83O0wa..HUg1.feWCz.7Jk9VraHapruc4MjzV8CiWDjW
675,ebanhamiq,gjosefsiq@apache.org,$2a$04$FIYyM37HRp3oFbLZebMXJue/m6LWMze8.ml4ejxyrjMe9hws1vLBq
676,ncherryir,mmostynir@sfgate.com,$2a$04$/QAxG0Aj0m2LVALiyxnLA.3faWLtKcF/MGh.8hXBD4.LOz/UBA6eS
677,galejandrois,ldalwoodis@yale.edu,$2a$04$M37uqkvXAYcp3tnWh3OjZeCOYLZJ0zw0gqRyuh/65aN0D3CVzZHvi
678,bkelsonit,bdeeksit@harvard.edu,$2a$04$L9gUzMB0bzImGDayyoEiE.UX42B.Hi6wb9Jyv0mbt1eDOnl0OzSb6
679,lgallagheriu,mtregunnahiu@exblog.jp,$2a$04$E9y8bp9j1KRAyMI0d7LOWOVFFhFfYQWZDYjvFgOQsykuEywFdH3i6
680,dlayeiv,rgwinnettiv@prlog.org,$2a$04$P07emT50dR1EBRFjHzj/R.8auPCDXzXxwoXyhqM7h2i/I5xku2kAK
681,atosselliw,rclethroiw@lycos.com,$2a$04$kjlq0N/LmgrNogyUJ55Da.6rsdHq2pn4xw00TWxCtPNj8e4KU.oOe
682,wtesimonix,gpallentix@histats.com,$2a$04$FVi6QjA4lXnAev.tw1RxduUjaJb1R0cu2qROSC.5n/9gZcBEXRIR2
683,cruttiy,fsimisoniy@vistaprint.com,$2a$04$Ebp0unQ3dpSJJ/F6O/Ui7u366mj5SwsS2PEF0fe9KfSBHpXroj4Lu
684,lpurseriz,mpimiz@nps.gov,$2a$04$Zw2lK9jSLsJNlVbTmKKUC.v2wkGi3gWhYX6R3SO1y7hGTxe1dfr/m
685,aeyrlj0,fnajafianj0@behance.net,$2a$04$rVDMUcE86Uh0CbSU58qSlOGW8IIwpH1nj684nPv.6GKYKKT0a/bXy
686,rasprayj1,lchaimsonj1@flickr.com,$2a$04$esqpPFnbD7dzSLmwWhYMU.EDXnU85l9ANBFv1dOFMfx0x8GXlKl9u
687,gpressnellj2,gborghesej2@hibu.com,$2a$04$aFEo4hox2ahY9fJS/JCvhuxB9dVYFTi18XNhUrRfuUdBzBhdwsJEW
688,afrowdej3,bllywarchj3@skype.com,$2a$04$JaegzAi96b2DbU5yqNrgbubL6obV8ffU9rd1vQyf5kA62tJHtD2nO
689,pgabitsj4,tcresswellj4@google.com.hk,$2a$04$0JtnAc5oFlfnWRJtv04fouqBJtMJ3nzcIqRzeXBMoIWBwCIANPzqi
690,eredmilej5,tdelagnesj5@networkadvertising.org,$2a$04$eE.qPM.2ojqSOtkYH.3jhekzwU8/BJWsIslXbghbrbkvOBxrea.5S
691,fbratchellj6,ddmiterkoj6@youtu.be,$2a$04$DgA82Fufxe5FvXoL5Bw6c.0lFo2Y6vjqRLKv.D3y0mqLs1e23r76K
692,wniesegenj7,tswensonj7@slashdot.org,$2a$04$RJm7p27zK7UgYnvjQhYnjOZWKrhQy2GF3U7EZq./iT8QcfpotLMRC
693,hstottj8,jsmizj8@marketwatch.com,$2a$04$xEc5TjqQED7OKBGxrbOk2O7c9yc.WKaxvE6ZU5iykfLLMyhb7aVxu
694,ffallaj9,dmoodyj9@washington.edu,$2a$04$ZXYjbUI8ovIPCgX7iMU3kOMm4/GsOrG0PmXrcmeB4rldkwMsqo35e
695,sgloyja,mgrzelczakja@buzzfeed.com,$2a$04$wDuXNIGAQfTkaxF43P2SUeRft3jl7zBrgnjRHNikUYEz0DMNNY4Ni
696,jknoblejb,libotsonjb@ycombinator.com,$2a$04$AjgVXLasbXrWVL85WgyBDOJD5zUEzkNFZtDAxKoUs92tdAsw3AW8C
697,cwylamjc,cstonerjc@github.com,$2a$04$1oD7PteLjuCAsi3pqQJpUeB38QXImDvlTUy5ocWNvtNtN5GMOAXMe
698,dnarbettjd,jtabererjd@stanford.edu,$2a$04$92jF0xT9N3aBJWamrr2dpeGKU0m/ufzvMmumA1Cx6n6R3BmDiIMYa
699,edemkoje,afontellesje@hugedomains.com,$2a$04$aRfqRPNq6AaEFfPIr4uMQOfpG7.JR6tpe/vEHLl6GB89vRpJlHRbi
700,ravramowjf,rsunmanjf@ifeng.com,$2a$04$ojMwueJ4eVBTPWj6LRUIQeaJdpMsNA5O3.jgAmHzrB3gLEsaPKpva
701,abeastonjg,cbysakerjg@huffingtonpost.com,$2a$04$ZGClhA6yQHeK3E4CbC69xOMat/F0JHU2OM/tNs3frkso09h717mkO
702,dscardafieldjh,aaddisonjh@squarespace.com,$2a$04$hoaeczNWzqiXYW5HxMDFeOVxMX4CPSzh3jE0nlaF4BfycNQiP8.Pa
703,lwelfordji,gorkneyji@deviantart.com,$2a$04$VR9WSulluUWvxwamtgJ.ueGDu81yVZC6W/SNklJCtiRZJX/cU2Hgm
704,trubinfeldjj,emclellanjj@salon.com,$2a$04$AdxgzBKaLUyYTubR21K0hOZYvctcQJHKPt5Ez1ZgCF2h8by1b2Pgm
705,mmaccarlichjk,cbrujk@wiley.com,$2a$04$hVCSy6KbEqf8y73QyC89WeV3Ri5/mpA.K/xvtx.5m0ZVTBdAX1e7m
706,cmaceurjl,pmcclurejl@blinklist.com,$2a$04$5Qcl6nZcacVq9VW3aDHu5OuYMG9J9X0gKFbRNEWr/fQRqbIqzL8ry
707,sdacresjm,kgrigollijm@kickstarter.com,$2a$04$6qyLmX4WFcL6WHKIxpwRz.bkw3sbb9oDxjHEFQ3p8FrBEXgJuAWjS
708,cbispojn,kcaplisjn@ezinearticles.com,$2a$04$2lmkmip0NkgkhsIbtEZKRuRKcDe1piMTP/B.8vqoKCLSqtt0SLqtq
709,pbiskupskijo,hedmensonjo@sun.com,$2a$04$zkDamhMXVvTR6iGQUfTOMecLxrg6D65iS3CtrMdxyNC6zCyHYzzd6
710,ecoochjp,stauntonjp@delicious.com,$2a$04$P1gI2v0iK47fL3I4n4nFRuOzTFr51xxDf/VOhHa6VXskkmVjuFPia
711,noleyjq,jhamblinjq@cam.ac.uk,$2a$04$gzuMlxA6eGrvqj.yzYuaMuld8PE4Wmw2nkCphPYHY91.qsdqwdmIO
712,cwhitmelljr,rfliegerjr@gravatar.com,$2a$04$N2wNSk8vYPr1VbfSYevxLeuIBvaLt2Js5Q19Q5yvtcANF1KrNKuSi
713,oasletjs,lcolliejs@usgs.gov,$2a$04$I9Jf6JNn0wlRjrA.9hVqneZdO6GGMmYnaJUrVBfxFDQqzHonB6U8C
714,zghidottijt,slongleyjt@taobao.com,$2a$04$8rM4fgezbEMk4aZlEOY5cu5L9Tc169NW41vq0PerRrzX0JGTEBDeS
715,srawsthorneju,cbellringerju@studiopress.com,$2a$04$Py4Jz9Y6HWrPHNhthv7qceadDdl7Lk41DNv2Ry0YkF4Rel8W3xMju
716,wgreenlessjv,nsapsonjv@spotify.com,$2a$04$a42ft6UWXVm4zRvJhxCHf.bI3CIQMMZznPchfoEEeoC5WPuiXzwSK
717,gjoyseyjw,fmossonjw@yelp.com,$2a$04$tsOcONVXyrg0AA4Z2ReNnO.k0aXTabrMBO/2eFMs2h5eo6DpV1eg2
718,sluffmanjx,lhawkwoodjx@sohu.com,$2a$04$soybuyAtiG6IqBVSBCeemuUXM.1KrhFl9VfZSyArd/hhhauc81L9.
719,bamyesjy,dcumberlidgejy@latimes.com,$2a$04$yTKnze3gl4/wCoKWWJCo5uXvh9NzjC/dwl0sHX76t5O5xX6PqY1r6
720,cblakelyjz,hmiddlemassjz@nature.com,$2a$04$ibKx2lioQUuPXighJjJ3qO1NjE4bJZAS18bYkXhL91CPqm0s1DKu2
721,etarbattk0,akubickak0@miibeian.gov.cn,$2a$04$5DmnPSLLWl5gbuAN/xHMJOVL8EOkPqASuOx5Ma6RAVyy4naXRg3Ta
722,atowsek1,eclemendotk1@photobucket.com,$2a$04$cha6s.HhLueDKcbH933AA.9MSrXjcHdMt7casOWH/Ruh8TKAudilO
723,yhalfacrek2,amartyntsevk2@dyndns.org,$2a$04$hZU7IbXjtjP2HGIkjMDaDuMAGvRYcE80CJ1gS4mA/ChRl7W.kjQIC
724,mforsaithk3,rcaulierk3@google.fr,$2a$04$R5Glp77ajD34fW7/9zEWSOW7c6Wy8Fj4dcoDC5.m4ngkvACp3nVgS
725,dhambrightk4,nperoccik4@businesswire.com,$2a$04$QGA0XPeZdarUgiqSccuNteTlNx97kbGDHmSukhKPfJVqPfpeBUWGS
726,ariderk5,helsiek5@wordpress.com,$2a$04$BVJpZVzJSDjL3lkGt9D0Z.v1v4mED/Use8Me0xUCfdsTff/FZuipu
727,swilloughleyk6,ewhitneyk6@mysql.com,$2a$04$asy7TLEfDs78zqlddF5kse1zo7Bb.rRxMNIYX80coUjeo3uMYWr3G
728,bbergeauk7,jolanderk7@theatlantic.com,$2a$04$DKOVpQQzomGzmaB3nv4YZ.sfoG3/V9RUccXR1naKSgUYidhbkwl3K
729,bleteurtrek8,gwannk8@yandex.ru,$2a$04$3l0gCCVTRdz0ZbkLR3UxCOMf6cZS3zGQlOa5hLiZYgdVevnNrO.S2
730,rcaswellk9,susmark9@angelfire.com,$2a$04$Ajb3DRA/oAxsYmwiLR1zAOeDh7a1iLoSxbTL2tmCVtqMTI1LUxxhO
731,hscroytonka,nlaxenka@uiuc.edu,$2a$04$LNfT6VyGxUzKxUOOteyhL.O.S6k84nZ/KoV3sIZHes.Q.7IvdWSJS
732,dcicculikb,dtomasikb@live.com,$2a$04$XBGDCTO4mSoNCK4WVqYIcuB4tG.K41AV/0Nl2AiX4lVt5eRg9HBrm
733,rberisfordkc,tbonifacekc@yelp.com,$2a$04$VUl3AHTwKPrR3Zljsd3GxeKgNRFPFcOM4dSI8SaXKZqnm9XDEYiia
734,rlenchenkokd,bdrydenkd@wiley.com,$2a$04$PTzO9spguS7NQQ3cKY/M1.hPJ79oa9Se/1R1OyN8/uO7F6qx5izZa
735,rsolliske,aironsideke@e-recht24.de,$2a$04$E6ozK1Xgb9uzu5qlYHmCe.6NjYKfjujEZgDFYb4FmQlwP6A4gxDMy
736,dseakf,dhruskf@wikimedia.org,$2a$04$wsk27IqtsC90iwRdpMB3.u67OFGAK56G8ag2.RGNpxkdABQ6FU6v2
737,givelkg,fegellkg@unblog.fr,$2a$04$ETBQYPAjBMtjrPakIRyHCusFly60aLKGEd4ZZumERk0kAA0eFgVLy
738,abartoszekkh,bpydcockkh@slate.com,$2a$04$vrRJLrperSLujNNVAmfXk.bVHCqPx9gjGA3SOboHnMEBmmsOkvIu.
739,rlecordierki,pburrowki@spiegel.de,$2a$04$RU60LiYEwGz9SXqSlAVO0.kj2ug1l0Q4GABFoLKpLYreI.iceNdDS
740,bcollisonkj,tbockekj@dion.ne.jp,$2a$04$A.4wxieluvjonnirjFey6eeAqKOBsYHB7Lsx3qGBVlOdUgOi./6DW
741,lclealkk,ccotilardkk@flavors.me,$2a$04$W9ZqXqI1ZU0vFsjLxsHabu3hzPdpggPxjotPEaJBhbYR6csmtjQ0W
742,lcolletkl,stunacliftkl@youtube.com,$2a$04$ZLQa43BPXCK35bKpZOM7We3tpFBnIFu./h3F4NWl/b0yO5mwhnGcK
743,awoolbrookkm,cboyneskm@uol.com.br,$2a$04$yUr5Qk0nAJIRCXPn7uOZ1uOJEC/BslanuEA5qPBLINnoeukIYZpB2
744,wgrahlkn,rsaladinokn@people.com.cn,$2a$04$ckfXKwYs3mHbHLCFuRjZ6Oxeyq5GLXmG4YZX4Di.ToLB5tBFnEeRu
745,efayermanko,sdearyko@yellowpages.com,$2a$04$af3K38s4N1jp09p81puDsuiZH9ANfQaCg7YNUHQbArs.hp6KP6aw2
746,aswadlingekp,kculchethkp@spiegel.de,$2a$04$uMLxXs.8hpXAMurdLvq1LeQFIdXDgGuek30avZRUOV8n2/Py/1EdC
747,dboicekq,cclaydonkq@nifty.com,$2a$04$VSnP8JVvJZmYWz3WLdqLXOhosBQ7u9Cn8WeWb4.xBwaQYAJ0DE.yG
748,dmatthaikr,mbrozssetkr@feedburner.com,$2a$04$OHq.YGezrfECwf37AWCeg.DM9ebqdxFdnzD7FqIabwGYa2vSjQ5hi
749,jbarnbrookks,rturmelks@ifeng.com,$2a$04$rOnON30UY1pDB55Zj.bI5e6J7eFJY6N0t2glGih4od7wO.F6fpgu.
750,oraftkt,dmcphillipskt@google.ru,$2a$04$Ys2pA/TBCyPbxxE.ORHCeer6zfCNFN2YSdgFnLLpfgq9I94n/Ncl.
751,ralexsandrowiczku,ctheobaldsku@arstechnica.com,$2a$04$gt3O1.Zdx8Gx9q4szG2LDOCaFpCjx6W5mrwwbquh5Qxp9BmvvEe0a
752,pfarrentkv,gwermerlingkv@wix.com,$2a$04$7D2Z0CYZ09UduAFEmmOa8OoGTLxn823aEE9cY7RT9njZSGXW9tMDW
753,mcowxkw,wmalimoekw@e-recht24.de,$2a$04$pDX22zgdazKuxZrp7mg5ueS3UM.sJeo8OI2mKkv6IZjPJLilPnxci
754,rpeterkenkx,cabbesskx@harvard.edu,$2a$04$z4IJQvm/HDy21DNXOfHOJuz20M1OAWy6cN0suM0l7fwVFFjGMxpoO
755,pbecarisky,sribaky@plala.or.jp,$2a$04$AMj03.X/KigoGFqpP0cwhOoj7hTgVrgUSLDS2G2.DsI16IKN6kdcC
756,aquembykz,gpontainkz@guardian.co.uk,$2a$04$qaX/dH1bC9Wj1wE1ua5KGuPltZKjAu9H4k63HWSvnGOM8wwa/lv5W
757,kgadmanl0,dsoppl0@paginegialle.it,$2a$04$juUbp778zt/TIupA9rPuveM6tONf9K.JYTTUdzlPGu.FUdqL9Lbv2
758,bsallisl1,cwhiskerdl1@cdbaby.com,$2a$04$k.uHJbgQyrRfvGz9uede5./AJ4IlRyjHmX0BvsqlAaW/hcw3NQUO.
759,dpeacherl2,gberlinl2@nhs.uk,$2a$04$Mrm5XXlh7O.bAguMjxlka.yb3IHkvs72YkaUL3Vd6QBZ6IpfsSimW
760,astoylel3,bdecourtneyl3@parallels.com,$2a$04$TAIAu58l/exthplDssC7Rek/1zDlqBf17MwPB.253p7qkhgbOvMYi
761,scopsl4,imcilwrickl4@webeden.co.uk,$2a$04$IdYUY2teWbpuHB/XeRRp6eGkrqya8DObOwweaj9LY67ow1Pgk/3QK
762,ahardwayl5,ipurtelll5@parallels.com,$2a$04$Y/z0iCJ5o7qvTyqH.aRsS.RZdlCrm4dsu5TkwAcQADztTmpO7GCHm
763,mcawtheral6,landratl6@opensource.org,$2a$04$o8QXLfj6zpef0GAb1Ej5He0A3r2nXG7oxY7JQD0J9wnpaeBnUO3w2
764,bvalesl7,rferniel7@umn.edu,$2a$04$PQkEmKtQCmS2E2Y0vwLr2e6qEhvfErjJo.RloGKnaLCFJR/HsVIjG
765,edwyerl8,nritzmanl8@sciencedaily.com,$2a$04$v11qU/cOQRCzvjmmLB8ETu8dXYPRDd/0wRa1qHTrkHClrY8yUjxW2
766,rportwainl9,pwhittockl9@apache.org,$2a$04$c49rjUOZ2j0w1G9VojGA.OCsNDWmIl5tibmWpLbGSFa9zEOBVFViO
767,rwardlawla,ldaneletla@domainmarket.com,$2a$04$ZambScvLGtFXL82opYWN1.m6dsmBbx.FBTjopBcPfFe/mnpfI4Cb6
768,ascowcraftlb,bfitzsymonlb@nifty.com,$2a$04$dVT6/HnI09/eGtOFfkGC1Oua3BQoE6J4nH2OmSynVfZZsEdL9OP/q
769,acorneillelc,apinxtonlc@sun.com,$2a$04$yIMU/0G40GYAOR.hWwsyU.W9PIwC26xT7YQPsxJsV5Bl.yPAbNjBS
770,pjahanld,dorringld@forbes.com,$2a$04$G0OWnigRozE5IG3nyg62zu384rOKw9N74GMv/0B2D.6fn.FjOU7Gi
771,mcomellole,reasdonle@unesco.org,$2a$04$hwx6F7RM5C0wmTdpJsw1m.VFVXJ9JHhOZ7z6kx1xr6sxEnCa2vHGC
772,lmacewanlf,amaypolelf@sun.com,$2a$04$iFaDgs04hs77zYzSkUCVPujveklvCHvQnyZ6HJxppN6F7lIvzKBqK
773,sfawsonlg,tdunniomlg@eventbrite.com,$2a$04$OAJLchTtufDLf/aKVEWoluwodqSm/fpoVU1eB9Od4LVykM2GNOzgi
774,jgilllh,hhakenlh@samsung.com,$2a$04$/xWF8H5g3RqfH4sUtGFG8uAn2XkTpVImBvwHYEKkIFIuLSDbuPJj2
775,mbleadenli,cwakelingli@amazon.co.uk,$2a$04$p83/fsb0vkLAD2dPzXrO7.T/sTp92u4QbsZNZ0OyjeiVX7QGwqSye
776,amockettlj,hconvillelj@microsoft.com,$2a$04$Al5VUvz55LXDvnwvGzMo4e1kZcLYxLo2x5yAOsO11Ya7oICbZaLpm
777,fgoodaylelk,apinyonlk@twitpic.com,$2a$04$DVTGtH9wI1CsYRFmVDkouO.b2ewv3/tbUvnXl3bQE68SKOYo2zIC.
778,randrionill,rmaccleodll@cyberchimps.com,$2a$04$1/gCNwp0JrsuBbi71AMi4O9C9bwvJCndKSV89QLbopx.kkKDnYY0u
779,dkidstonelm,sjasparlm@buzzfeed.com,$2a$04$cp/.7qmHJms1dEuqkt3N.OT/Hd.bmIdrGfZArXYktJFSvz/PbSGqm
780,hhedleyln,bbyforthln@salon.com,$2a$04$b4Dih/kwT5XzvFUoq0La9ON2MUUcvrUu9RSiFS6YgIPE03yI8k0ui
781,dradleylo,sjoseylo@bing.com,$2a$04$slV279kq5IxJAF4Sq8hAtO9UH8EGMwXGSAc0zvmIAQaxz8I6ad0Hm
782,ccasierlp,cmcpeakelp@indiegogo.com,$2a$04$uBNRQO5RVCRNK/BJJnSeNuNsuMs0LFasPSENCAp.fVaTvl2XRjj1O
783,cwillacotlq,ctellinglq@dropbox.com,$2a$04$BHbB.k4cTK82fTX0xO7yG.pJEJMPPoiIzmBgvhddPSWPflGERPotu
784,rspurmanlr,wlamblr@mtv.com,$2a$04$vGfiQTofb3mqlR5HJRRjJOlmrtMKCDaYTMUZH94SsbuzPnu9YBCvq
785,cgodfreels,atarverls@infoseek.co.jp,$2a$04$z1DhJS4RRwyHhynbbFFXLuvRYmTgm0aoAgjr8sG4wVTsvw164tRRa
786,amiskenlt,ahallgalleylt@angelfire.com,$2a$04$A023MlV2s/a337Y0NbyoJu6QYFhUjvaeK0HRKPZGAYe8DoljBEr2y
787,kfellonalu,bkeyzmanlu@ebay.co.uk,$2a$04$Dddf3NRFGmwSlWzK.Q9gweIAXfonShhYYtQNRBTpAx1bCPjgIwGqa
788,wdignumlv,hharriskinelv@bloglines.com,$2a$04$v9KAkTgAJiP5K.yzuA6aOuaKBJV.4n0Gi97Hk2aIaeTTuoKXgaeAW
789,kcoalburnlw,abroggettilw@arstechnica.com,$2a$04$6AE6PHn7HXke5zXXX7yJ6.ZSx1P8ScR/BP.xvDVWgBrU7eGfT0OgS
790,rnerneylx,wmillichiplx@163.com,$2a$04$Dly8nzrlwsvjOv.632RT6eNyYdNm8qTNXSxMgSQayd03r7NwTuZ..
791,sfoystonely,bwinstonely@umich.edu,$2a$04$ZAOb1JoNwROnb1DZ2tNs0eRhljk/swlCb6pbIa/geD7OUylroMkju
792,jpooleylz,ebannlz@google.com.au,$2a$04$1HZRNhQ68gOOmYehAXqfPunhiV43FkuwuinvXlPhk40sdvqXz5PnK
793,iconnechym0,kruddochm0@w3.org,$2a$04$cbBUaeUBoH06u3JyLdRZLePIRmeOcE8c1MuTuoVQ.m9J9eYh07CGq
794,farmesm1,imancktelowm1@51.la,$2a$04$01a1FpWAD3kjzRwN5GXTvO1IS7qrO5TYdc2Foz2naCwzscallqtae
795,ewindrusm2,nlightollerm2@sfgate.com,$2a$04$wCTAdEUNdVAQHqtn1nkgo.OtA/naG2bqBG535mRVWUiphZ3XSY/.y
796,gblightm3,gbortolussim3@nymag.com,$2a$04$6lC4csCWTM.0e6eIkCbIdORCV.8H55ZEZOkT/Wbu51UE7.WDyq442
797,tprichetm4,dtarnm4@wix.com,$2a$04$Ydo/LjV48pQJzrLF19/CherUMGlK8phIzYp3eeefvMgoGfAFbSQt6
798,tlloydwilliamsm5,aottiwillm5@skype.com,$2a$04$rCRZvJx9AHq0fmCJJlyjZuYvhHEQeCYJhNxqbQHPJVBRfAEutRr6e
799,bwilshawm6,avanaccim6@state.tx.us,$2a$04$pBqkRM0l44CXxSAiz28zlOBLb2m7Q7qhR1KQgnJqKMowXHvZhSZDW
800,eimlockm7,dpauwelm7@macromedia.com,$2a$04$8MFmnsvZl.f2fFIeck9U2uckVdI1Co.JCQY9fAtcYUken2mOC5XAS
801,dollettm8,ibrokenshirem8@plala.or.jp,$2a$04$SLpGTQPN.lI9py7W4eMGuumst9N3idZ5BrRWBKOhtIRstwojP95Iy
802,cstoadm9,rellettm9@illinois.edu,$2a$04$3TpLCRte3QjP3iKLuxdoBem9bA.4DZ8jLb6o/UyyF0kQ6bJ5TBZGC
803,nahrenma,alyndonma@bloomberg.com,$2a$04$bECT/gDADKJoEWJ.8spr/.QenXBUQmsc63gKhc2bH5hBQqu24XAMm
804,gbarronmb,phuginmb@topsy.com,$2a$04$ZOjODpaRbWGHcnmp89ZiUuF9Ubi6fXfs2PkBoz7FaLr.dopAEtkAu
805,ebrowellmc,gcloonanmc@sphinn.com,$2a$04$W4k3bfGL9AdgLSU4VkYhxOPC6/dp6gbkWE.15XhAd1b2sMpkYSx9i
806,flundbechmd,bwoodcockmd@ehow.com,$2a$04$qa.QDh5G0VSVxrqV4cB6QumFDx3gZjsz.C7rEbkZos/vojJm1f5Su
807,bizakoffme,mhalbardme@blinklist.com,$2a$04$.YeSGCX3smTC9rNeTAJhne2MM7R4IsAO.blMKMMbCdl0PQN0QdMoq
808,tdytermf,hgierckmf@woothemes.com,$2a$04$Tovt0BU227UDqMZwm2V4Pu1QitcLxDTjnIhqpH144m9HvdmNb5irm
809,cyanukmg,rgeorghioumg@netvibes.com,$2a$04$e.E9W9ho.o.f3TUfbF4TsebvnkhPvUiKqDrDG1N2c3rwRiLpus20G
810,abuckwellmh,tstentifordmh@hao123.com,$2a$04$r6.u3VgdH0YLJeXsVkwXw.I4uiT6bXPlQk9HYl7WRhV2.le8aP1EC
811,kbathowemi,ngraceymi@ted.com,$2a$04$bj57svrCKllwHRtfy6S9ye5xIcKodPfZCFrNRcVLqd66znFr./Q2.
812,hguinerymj,cpilkingtonmj@businessweek.com,$2a$04$8IokoK..posdho0MWOdHReUnrQQsQ054iBq6EwSwtbNfE11oSnY/K
813,mscogganmk,eincemk@nhs.uk,$2a$04$p98WZFfLd5thB659pd/tyeFFLxzs1rSSdCPHIDp47.nZiHw8xcY7K
814,mrougierml,bmattediml@theatlantic.com,$2a$04$n0JKkHdtGwTs1KEHxaknAebcgPlvNxwUby/e.ly.LtccphXQuqLxq
815,lgiorgionemm,gcromblehomemm@ustream.tv,$2a$04$9h2KHFCrfy.RgzleM0ZENeK52SWL7fpflVzSsHHOqsXqkn/l4ai0K
816,dbrilonmn,kgiorgiellimn@nhs.uk,$2a$04$KvHbB62kpOuRLAe0dilxx.iTU6n/jOSh5MF6Qt.uprnZqPnSikKvu
817,smclaughlinmo,edegliabbatimo@networkadvertising.org,$2a$04$PyzqnMA2rbQuMIvw5wpHEOxTf45JAxmxpE1DxSylXXt.Lv4QwjPLS
818,rmaccathaymp,dhowiesonmp@dedecms.com,$2a$04$pL0htayo4BTIdsFSFaMxZefIeZcu5tF4UfcU8ZYuF88VusScUwJDe
819,rmclaughlinmq,cascoughmq@cocolog-nifty.com,$2a$04$puSXXrycUTm9JZSDdVHK6eoN6GwIyQSseMKvsS1MoThnU.frBgjhq
820,ahazlegrovemr,xhalliganmr@apache.org,$2a$04$Q98tzkiIq4r0zp9.HsB4GeIgep2Dld8PamzI0wP/9zmsV8C3znBA6
821,abunkerms,bantonowiczms@skyrock.com,$2a$04$jfSPbNo4WRB5tUldACxPqeKHvcIQBQVvAaz1Cj93fbkSagpuE/l8u
822,slorrainmt,akentonmt@skyrock.com,$2a$04$tAtO0FCez0O0UVqQ6Kc/w.Ho9qxcmoJ1JZ7HRWEbLeYHf3Mr7NExG
823,kgallandremu,pdowyermu@barnesandnoble.com,$2a$04$wABp9KHBHyaeNaVzdHL4u.IociwQjo2Dt/1q43IywLppOZVn4JJQC
824,mbickstethmv,emonktonmv@cargocollective.com,$2a$04$ly4agQaaJYPjwrXBDSPdNOQBroVs1OTsTHskwvtAEZohW6dlea/ZK
825,bkleinsternmw,tdunnmw@techcrunch.com,$2a$04$pHiyNVgL.IV3FvGzWEbgO.2GerKFodjKs1ZF.SfntcgK7Zb1jsFW2
826,wsheahanmx,rdecarolimx@google.co.uk,$2a$04$xulEpOGHP4PihjQkdH38D.q2TSek.wzT8mIOUvnCsFKmfc6.Vm6rO
827,rorganermy,bdugdalemy@mail.ru,$2a$04$Q7dQVD0jVcdYyP2.hzAbReMCd6bIG98Wtc/pQxl2nMSw2a04TfBqK
828,mwaterlandmz,rpetrushkamz@yandex.ru,$2a$04$PwEODWcehXmh.0Xe2/scJOY0rfxQ1YdqDVjkTOGzGFoBmOB6a9wA2
829,ktroken0,qpagenn0@infoseek.co.jp,$2a$04$DrtNkG20JDXVqFzZubE8Pe7zwOiNMviTKp6nycBd.C6qSdwy8bOqS
830,ecrabbn1,kstebbinn1@icio.us,$2a$04$BGemZcLrMZ3M8DpgK8nyy.YnbGKfFRuvApJJ/dgObos6jYFwfyyGC
831,kwittletonn2,hmckibbinn2@ocn.ne.jp,$2a$04$g9QtamsZVDH9GENK.eeJROP8kwLFw0yWsvRJNSTRHAyByttWIVd/.
832,cmclarenn3,rbatissen3@va.gov,$2a$04$mfZTJqPlrqkwzw2IUjzL9ud2x.Kg5BswMDbpKzAHu56hgN/h2lP16
833,ebewickn4,mluttgern4@eepurl.com,$2a$04$5A1BYzbf1DFusVJxfgEFnuIi42zquaL5lMoQwRvZVi2eacOLchT1S
834,wpocknelln5,jambroziakn5@tinyurl.com,$2a$04$M8JFDLuh4VG0RLgzaHVweuDFP4Pi2SKcFEa4XVrxOsh5/XGwGdTTW
835,ashortelln6,ldodgen6@nbcnews.com,$2a$04$vuwzpsQKDxnJylahOlTrcOqg3w3rLTMm/Vm8yHMxm47/QvYin42OS
836,dnelsonn7,lcoakern7@51.la,$2a$04$X79Dftj29evizjDDDOgMneF9iIUrOeQ2mRC0CLUZ2qjqQEkeQogoC
837,amalleyn8,ndufaurn8@networksolutions.com,$2a$04$6EsJIuQL62Db9ZXbmuOcwO9d8i6jmiPtJi/TK7dmO2e/kdqroJo4W
838,lbalsdonn9,kgascoinen9@php.net,$2a$04$tT5n6RhgwW/bXP5SAn2nyeoY8eoJeMG6g1RwsmSPTjMh7XL2EOrXO
839,jcardnellna,dsurmeirna@ameblo.jp,$2a$04$CQ/XL8DE.VtBEjo8n5EqNO/QJcHCOrCHz0PRu3biiznOZWG53zGk2
840,jloveladynb,mkubasnb@about.com,$2a$04$0u/H9qI7QaSZg6Y9zbXubecjNhgJpjLVaw3CbdiEhkSVWNkP6OOBy
841,vbutrimovichnc,astledgernc@vimeo.com,$2a$04$WYbThfXFh6AiGwppuc22KuBGah4GH0sRRB2Jc5tHupRfG9Nyzv2MC
842,asidebothamnd,tcouvetnd@ucoz.ru,$2a$04$Qjxbmpr3q5grYyHH6ww3l.0ttvh0r.S94MyvPAxV5GpNA/iBnunRy
843,rsterkene,akingswoodne@free.fr,$2a$04$tezoXUZw09Uz3FiF6KqGm.AvJizyrbGjmfv/PZtwRrlfqt/hyN./K
844,tkeefenf,scrustnf@thetimes.co.uk,$2a$04$d1X4ZuXg0Gw6j9gJCXMNcuQVLWrCnSV7Jx0BLD9k00.zbESbwg.uy
845,mgaitleyng,rlorenzettong@ft.com,$2a$04$JcL0obHbm7gwBHbvg4.W4uJ5Imx.g0t077YE9hKaLYPBEGh.7iDrS
846,jlocklessnh,codamnh@oaic.gov.au,$2a$04$8BnCElwCQcSOiib53OztCO4/nu0.HHqywWSCYjOfMAxOLFiWRHZ1a
847,toseltonni,ehaldenbyni@squidoo.com,$2a$04$P7FBm5U2wdFYt/OO/3gB7edWxAMGnWpBAyQbMSmrfzcZRHeMpRxom
848,erowternj,cgoochnj@cnn.com,$2a$04$vQdrTqpFDIR0f.4SjfNR3uVN4U8tpOw8jB2ep/HGIGObSxJyrSoJq
849,mcogzellnk,bdewittnk@xinhuanet.com,$2a$04$83pWgR9OS9oFXeyI0f7/teL.0nj7sz9BdCirJCyTvccFpHGti/pWe
850,wchurchmannl,iantonsennl@theglobeandmail.com,$2a$04$gDbihjAZv.pbrgskjOgBHuqwWUqVjRe.rkQaZtc6IUsINZ33PMypi
851,tkashernm,njerdeinnm@sun.com,$2a$04$Uoz4cU0AceW1cthwz0Erk.ymlzDD/qpeuWuTbm4i6tGy63ZGu4cJK
852,aburgumnn,egladyernn@cpanel.net,$2a$04$rIcZ/Uymd1ErxP.mFNC7l.WXA76MssuKGBoMErOEIzgX3ffLc5jyq
853,dsprullno,cholberryno@cnbc.com,$2a$04$UWGjEre2F59htqrbXMRfxe/uTQiFz8Y/7wBs7zQ17rEE7zXRFxbJG
854,cdenevenp,kskettlesnp@moonfruit.com,$2a$04$V7.c9bixBeFbWcLjB5KjHOEO6BmMo6aU4Ko1GfMK.hVysktjXGeE.
855,mfullenq,ptemprellnq@exblog.jp,$2a$04$rxDZadBqzcyqznKH9ruXn.qlDo2TBmAckn9KhXwscjwcAaw0675j6
856,ibramenr,obredgelandnr@goo.gl,$2a$04$8wJsQf63Hz3E54e/lzZ8buJEqDwyAiIL1e9qvXo4T0NAN.MIGYe.i
857,amongetns,lmcclurgns@sciencedirect.com,$2a$04$5Ys5/QC4PoMq1a7n9F6aYutvG9tkB.p20sQTl.0St7HKbj2DS4vqK
858,dbaudouxnt,smarqueznt@4shared.com,$2a$04$YWkIJyGjNiVK5J1.1jGB8uakyLLNueX/UegcVABSIxGK1Zc7cYGLS
859,hprimmernu,mtapnernu@upenn.edu,$2a$04$hwvuWcVy2G8a76f3uPQQ4uDaWxSliJzz3UnFaAgcixo7ScVF9vWn2
860,djeffesnv,lmurfordnv@dion.ne.jp,$2a$04$IVFKx8PN5zcMn6mmfDHoi.5uEZqD.N6GL/TW7H2dXJtetC./s5DMG
861,gcalbaithenw,pstilingnw@flickr.com,$2a$04$QezbuXjfEm3UXXDrOAv89uqzd/6FGa2O2rup/PggBANNhYzpYG4cq
862,tmarfieldnx,slightollersnx@cbslocal.com,$2a$04$tWcSidd5S3AXC4aulUjt9uwGYKB33eD41ookOXTsJrkQbs9KiALkG
863,ccolbeckny,emacquireny@marriott.com,$2a$04$g1y9qldcQ9qxyJMZDxTfCezdof4IU/lAwTMHdAPjRU51etDnGT0jm
864,bpridmorenz,cdronsfieldnz@skyrock.com,$2a$04$sQRaRwxJG1ZNW.eqCxJ3SuVDcVrpdPN.HmT84rnOWlVF.HinqZU92
865,jspereo0,smayburyo0@usnews.com,$2a$04$gS5wn92ClkH.VEWdbpUkpujP3HxSmF9Hfcd3NyodkLQFZFHHGe4VG
866,csparkeo1,lventhamo1@who.int,$2a$04$io50Ze5dGcecec5yLjCRxeoprSKDRVRe0DdJBErp0En4k7C4eUyTy
867,aportrisso2,mfarnello2@joomla.org,$2a$04$HYzvE0FWL1EwbuGFfjwDfuKBYlbb2kvblL6mxUkyCYMCt7p2iS1dm
868,msereso3,fbradwello3@dailymail.co.uk,$2a$04$BOBGoARuwJ1fh9wQ0IN07ul4LXR2Wa36TLAIjNGpZMeC4j6yHiIsq
869,mromerilo4,jalveso4@businesswire.com,$2a$04$phtGEfeev.8cP29OhWKm/uG62gGU2wM80Akxn3SM13fH6Wcn4sJ7a
870,cminshawo5,cbartelso5@craigslist.org,$2a$04$2GXXYT6C7XiEkPwKft6WHe9AGf6W/ex/Vtwf7QTEiI16FvUDD7HrW
871,ddundridgeo6,gpondero6@netscape.com,$2a$04$4dwP.o0LmsBWmRneIYFcseUkRbFFuk3g1DUnPBJ/iB5ZMMMHzhksK
872,vgarmeyo7,acroano7@flickr.com,$2a$04$Mfwv.1HKQelP5qvMAKvLIePX.4LefFYCjktW6jDVp/supImN0cH2a
873,bshorteno8,pdumberello8@meetup.com,$2a$04$h4rakfbFF8FE4w.kqaFltuPych3YTQeL99H7ZiEaXnoAAfjtWS68W
874,hshorlando9,eattawello9@bluehost.com,$2a$04$KyYTe2wSBhZN/ss1jeJRn.PQBfxw9FK9jKetFpi.BW5jPk6Y6MMEC
875,astareoa,mvazquezoa@tuttocitta.it,$2a$04$pz7mESuEC.YzUg9SnrteXeMZVSQDw6WiyUCtpTDYczhajfuZNutbS
876,omcginlyob,gcalcutob@cocolog-nifty.com,$2a$04$NHL7QkK7Vb5c6ozCBRExrO3oIykXWPJzgF4g.glZI2OrcthSfD5S.
877,cfearonoc,irihanekoc@i2i.jp,$2a$04$W5F8T.1wkEyjPZ1ctsD3q.6PIVInLvtVfTYdMlRyutZ.3OZYyBRHu
878,gvanniekerkod,hjeppensenod@delicious.com,$2a$04$6IZtV0HQx9K9S5dX8jLgZu37P9KjE0CjxlR4ngp.RVFoHEzk24Jbq
879,tflasbyoe,ppawleoe@photobucket.com,$2a$04$Zx/5VKITcRiTTcyfDjct9ebvD./hAMfQi3Ik.ODBShHwy3m6HO8ty
880,trickellof,jleggsof@diigo.com,$2a$04$DXj.e9orwrsiBiNjveQdW.NEo2W8N.wNXOXhhFNT0aofXT9tDAPtu
881,ddagonog,vlorrimerog@epa.gov,$2a$04$ftGtpK9.JBYPxz44rYlD/es/FlnrcWw6zynuBr6YvAya1g6sROLha
882,rharrowoh,newdaleoh@sbwire.com,$2a$04$C3/YetSYU7uP1cbDjkIUzefy1Ypj5zZGKZmSL41MF1QwdKMi3Ue7G
883,mbroadoi,kwishamoi@thetimes.co.uk,$2a$04$UvmW/yK8jh2D2zQJ9rbrSOltB13hxRiRQ79GrBxihlRsn8MPw4dVq
884,alifseyoj,dgennerichoj@multiply.com,$2a$04$CFUTu8md3nDkj4VgZCU5kef4IdlZdWG2X9bsqTJvZINwH36cMnw4C
885,kcostardok,alipsonok@archive.org,$2a$04$E6xNlE1WrqgligyOKSprduy7d.PbtT8yHnZLR1GhXiN0bvpstMLqq
886,bpassfieldol,linmettol@blinklist.com,$2a$04$DuQqgz9HKRWXB8alQux0LuHNXsXGhjJNTu9CJFtNeLj3czGALsIr2
887,lwilmottom,mduffittom@merriam-webster.com,$2a$04$8VdQVucTTRAJQ7HwLsvyVuFLN1Y8hMWgRAVQxlxNVLDCWUYG4LHGS
888,scamfieldon,kjenningson@berkeley.edu,$2a$04$OQiO8YUxJ5eKiBV88i9SE.AY4z4Xf0pLUB18Sybh2svIX8mQ6d1wi
889,efalkousoo,cknightonoo@ibm.com,$2a$04$/rmPPmIIyku9uRIemXgAP.9AI0VNzwansM9KF3zAPhVKkpB0YdB22
890,bleckieop,ugateleyop@prnewswire.com,$2a$04$cBQXFmUQugwyVJN.a2t64O1B8VcLyo1YoLYmMINElIJjri6kILKjG
891,rascoughoq,khamblyoq@gizmodo.com,$2a$04$LOApvQHI.lYdVtv0/LYLa.HMO4yQnmFAkhy1RAkFxS.Vk9abtwC1e
892,agratrexor,dpacquetor@virginia.edu,$2a$04$dSCO5G8KjXGJbNEdc7jRnOa14KaRJ2QTfj219PQpGcK91MNnwg7mS
893,sbristoos,dvazquezos@skype.com,$2a$04$MbjVrVoh2ZZM1MQRLLifROrvnO99KNORxhhqolfnRRmyz4RdRYKo.
894,kkeningleyot,mclaughtonot@earthlink.net,$2a$04$wphF5zbIdmg6I1atOmFcduBqj3Ji4ZHFh1kpuazkCoeAbwOJdfj5O
895,dbastoneou,swoloschinskiou@epa.gov,$2a$04$TW64daI1OUrZZjYv/8Ilqusaji4QzbbHCMhjGlDJ6UB8mvXC0VhAO
896,asimonninov,nstartonov@google.com.au,$2a$04$a4Y6y.SHeP1PeoYq/QlVgerxoY0wwSaHRpta21b1mHbXuEf.ux9T.
897,alappinow,ypoytherasow@xrea.com,$2a$04$Ggn0nqgCNqoh8TzK0WvNjebJF/r3agYp2jObAUeYyOBu3oKMWYIvi
898,jbirdisox,afloryox@devhub.com,$2a$04$aPzsTDmA.739dJQ3ubXQ5uvdDeMje72tYRzuQbiSVCxRc1.0ZCjXy
899,nleachoy,hoslaroy@over-blog.com,$2a$04$spxBg6mY62Lm0OycXMzsUeyQTJ37VQQnUj7K8GCLTWhZrihjennKm
900,ccheyenneoz,mtrymeoz@artisteer.com,$2a$04$Vske3bO1OPVaOB9KRPifiuBQr1oRai8u.PCTuDtxs5uMF7OgNRv0G
901,rbauchopp0,ntumiltyp0@blogspot.com,$2a$04$Z7BiyXi3WROsFrinSdbI4eyUL45d9LgOr9q7S7p5sRGgIrZcGkBRO
902,cradmorep1,dpatkinp1@geocities.com,$2a$04$51uJvEzg6zYC1Obg6OLYM.BRIKyPeSLXspBrGGhqRceKU7NJruz56
903,sdefondp2,bcouserp2@sourceforge.net,$2a$04$O9PUcga5SaWhd1eU56x/9OLC4lX2Fa/gOS.AENx9V6t3myhyR7iPy
904,hdominichellip3,wgreguolip3@xrea.com,$2a$04$SHCme3TzJ8FQceHwpRUtmOBuZ.6JCTcZtpqK/etkJm18d66WE./NC
905,ffulepp4,gpesp4@parallels.com,$2a$04$wQPuxeX651b33..EbLN6Oe3l0PG.AA1vt7UnaXwzxWGOtcxuuErS.
906,rjerramsp5,shillbornep5@dyndns.org,$2a$04$aLZqyn8/5On45PcHNo8y6OQMeAuPTWwHuoVPvir9PYlpiIh1x3j2u
907,dgreydonp6,pkissellp6@gizmodo.com,$2a$04$IgI4tF.ykzYt5/1/BuuCBe33kwBG94sETit9lyJcKcWCrQ4BY5KUa
908,zklammtp7,jlingleyp7@reverbnation.com,$2a$04$7tJdiZp0jZ.0lYTesUWKseyu3MN/igLkgHenJg3.Op2JtQYJ2C7mG
909,fpinnijarp8,adrynanp8@hibu.com,$2a$04$T1sKsoIAOhQ1Dr7eHBORbO7ryCgcHN72dTkHkbhZ9Lhm3y0TP.vVC
910,fcorranp9,italkingtonp9@comsenz.com,$2a$04$JBUs4pRw4UKME3Wbe5DllOle/Je069gypAkEJ7X47ZwTNULAFb2sm
911,nbambpa,sgallifordpa@mtv.com,$2a$04$p6l/mZlKmkH.sQXS0w.3PefIoDfRKEuNf89za.TUHGO24KSdazHF2
912,pmichaelpb,jbowermanpb@usda.gov,$2a$04$ebQ.Ws7Zltg16aGUA4frIeMUvmSEnKe8/XeScc2/4dTLBjfd0dqii
913,ymaroneypc,straytonpc@discovery.com,$2a$04$m5PpRzZRFsoFUt.qgdIJqOG7Eugg0AhXV4lwFJqdg.8YGoLPvELk6
914,sbyrepd,htinceypd@eventbrite.com,$2a$04$zBf61q5f7IZTqVesfPaZIePYWK76B2PkuRHNp9AEof/zuvloG8RKK
915,esuttiepe,aheeleype@imageshack.us,$2a$04$7BvPeP4MIoxTcocKZYixdeRQQjfYaoqQ4MD9I4E/aP1bJBz91l0z6
916,mgresspf,hshimwallpf@typepad.com,$2a$04$nNFhoWVR0nEqfkMMZXVlQ.uclp.uSynlzkFQr9rg0btOtXc6hAkMO
917,msigsworthpg,rcurgenvenpg@over-blog.com,$2a$04$m/YwA1rIBymSKNPTsmB1EOjl2Koq5ns1jW.RIhttbG90sSViZ3vdy
918,gmacgeaneyph,aharridayph@sohu.com,$2a$04$bxBh3AQKnHTfEE3souLeA.kAXMZsHu.qGvp4b0kpc0RTWdt52sbT6
919,dtyremanpi,glourencopi@cnet.com,$2a$04$yE8WC4NC1SoMcXZYXfslU.wh41bQQTsMdnOb/IfiCaPZg008Y6tfO
920,ballworthypj,adelaeglisepj@thetimes.co.uk,$2a$04$yynF5HprCjwQ1G9BbSmqy.v5jiw4abjw6iiTpR8TlJBHo/1jJBI.2
921,mwynettpk,mlightwingpk@dedecms.com,$2a$04$TF2/Xq5v2ruo8ZCeHQF1/.L0tGwBXNw/kZE4CSJ9jA4u6yECUjIEG
922,lhufferpl,lreidiepl@shinystat.com,$2a$04$KGkGGB0A1woH4o7w6XR1buIbYp175p0lbUlf08eNspRdZsfApeiQ.
923,dcottupm,dtoorpm@list-manage.com,$2a$04$sjD4DVlqq7y2b8GdDDQdO.4p90r2iWobCKQSHfd9rnnVZCEplvFim
924,ifaichneypn,imillgatepn@elpais.com,$2a$04$DCNNAkUthSTdau0DL2XHSeyfJ3NAotTKv31PbEs1404BJ0F4aMFYm
925,btoderipo,ijirkapo@kickstarter.com,$2a$04$X07SQ8oMbo/nCD4WYSRnN.uHuJ7i69DlnWQJ/Ry//r2PrOgduOKt2
926,bwhitchurchpp,jclemendetpp@over-blog.com,$2a$04$UT4vHbQQpKuMWBHwipWOLOi0N7rX.dtgk0D6A/PDn9ZVY3jZNCeUS
927,ccaveaupq,vfogtpq@cisco.com,$2a$04$W90ISLUvurvX3cDvKBi94u9x.VdZNGodLuaQKqNtiFhgh.O6bbw0e
928,dhammanpr,ksavinpr@cnet.com,$2a$04$PkCMRkzXXt5f4DQ55Xw0tu/O7bPbnfV37gtjICNxEafXqfFcz02xC
929,rleipoldps,jmallabonps@shareasale.com,$2a$04$AkbOm6uMPmhcXSGHhDc.du2Xb.9kzPeePzoOZM1vmc7s66eo9GZya
930,smangionpt,pwatsampt@vistaprint.com,$2a$04$geCreobwRMeiyAjHVW.Mc.3Ihcf8JBm31fWcZEGD1PuTula9yZdca
931,mbuchananpu,jvandaalenpu@businessweek.com,$2a$04$vqa4RgBadmaG.SBLK61nG.X/zPwxPzcNFYUQR0X7IoVNRgG9ltupu
932,aisseleepv,tgarbertpv@topsy.com,$2a$04$BZzRtzFJKTr4mtlASI6dwOuldQR0lYzx0hNvap3rjtzUO1SEhgVTu
933,ddeesonpw,fclampepw@apache.org,$2a$04$J3OWvaIhye57qMAEWRHw2uty2BOw7BamfwWKHnMA.cL8xrTZh8KL6
934,acarwithenpx,smckennanpx@acquirethisname.com,$2a$04$IfIiiwmna3UTjMaK32ZMTO3scmFQhgUo3kylyc/u9IWmbl4ZC0qVS
935,pkeningleypy,drasmuspy@furl.net,$2a$04$ofZmuz6MRySd6N2PVT0jnuWPJU9kQiDwMeSBCkx9WAXAXl6JIBvVq
936,abenzipz,mtuttonpz@flavors.me,$2a$04$wgGworwsjp1UBqclQO1M5u1BNa4aWQTldUJDFR2RsvcI7VojN3002
937,amcbeanq0,ghowellq0@springer.com,$2a$04$flMWuVv606t9AHS9EfD5EOO4irHTVEuMCJm799dGD1d6ty2zfzQxW
938,cgutierrezq1,zoldfieldcherryq1@sfgate.com,$2a$04$wkX1r7IrXQhfJi.lQGodq.9Nftp3I9CkepASCvSaChz/4m8JOMTGu
939,fsuffieldq2,leichmannq2@slashdot.org,$2a$04$JYclzfwVmoZkzZMU05e0we.gJ8Ue32xuX8FEDG7YV9gYiy.JTRLWm
940,gdurdyq3,ldillintoneq3@samsung.com,$2a$04$laHmHpsWaJca/PuqGoZHX.qxgPtuvtCCkvj1MV6ogrIsDcX13HyU6
941,ipinnerq4,tvoiseyq4@usatoday.com,$2a$04$4TaCcaxg0y8/bSk6aE4za.L8Sn61JcZlgAZpucMba3So3M5sNKLfy
942,ebonsonq5,nmcevayq5@paginegialle.it,$2a$04$9Xl5Kg8oXtC5xY4K3VBA7eLghfy9Z4Q8ZyF6JKPB8ZPT6mP1wT5se
943,mfearnsidesq6,esaintq6@kickstarter.com,$2a$04$3Se8rmhnf/BnZ9sPovNQ1uRcZ5qk8Ktle3FB/lQieTDXjTrvpPbHe
944,kbucknellq7,jsiemonsq7@indiatimes.com,$2a$04$LDSy6kYc9m.aOVAmgEpbgeEVgRcn.5Uv.QaloRIXtbSl.Pa.lOeS.
945,icunradiq8,rmarnaneq8@jimdo.com,$2a$04$TJ6wNRKSU6gXuVs0g5jcVegp8TB59g4YSkGzBeUBKsDKMndQFimwe
946,lraffeortyq9,dmaryetq9@cloudflare.com,$2a$04$GUuRDYvrl6dTiplSjqRk5eugZ9ABW8oicdkv.OQRux8iNvNmT3c9m
947,bballinghallqa,mastieqa@eepurl.com,$2a$04$2QhgO4rkQgRF3jtBYncKQONMLW.3x3UvKoTShaHM/x5ikR/jzXk2C
948,croddickqb,rlademannqb@msu.edu,$2a$04$TjwSapWBZJDeA9lMSyvRd.6bYPVYpbmg2Q3cFuOCnxAYhabNjU7Ny
949,lberndtqc,kmacandrewqc@privacy.gov.au,$2a$04$2LJ2/LITPJNPTnbh.QgLpOhURrCczHOZbFQXaA95UZRbdDb38BRoG
950,aharpinqd,alegrysqd@tripadvisor.com,$2a$04$z2yLrDyh7E6u1kddnTyereezluLQGqcrqg4l/8V8EMIWNQp87YFe.
951,cpecheqe,gzammettqe@twitpic.com,$2a$04$9N/snr4eldBlfCMHNYD4V.w5jynQxrziDvcdpxO9iow4/ePgbjK26
952,ecounsellqf,feffordqf@cbsnews.com,$2a$04$R/9Snds8FR9UTnDjeY7RhuGzRkk8XYVzADOAEYCxiKad9bqn5VYzy
953,evallanceqg,cbainsqg@reverbnation.com,$2a$04$KBWlXN22F5q.GnXZWlwoxekz5AaeCn/6IGs6u1xntTbe4mQIMPL4W
954,gjanskyqh,nblackledgeqh@google.co.jp,$2a$04$YyR.q4pWsU9454BJGs4IeOBvTbbejcd.dAI.MLwA/UVZFNJnlIg8S
955,ipethickqi,lbennedickqi@noaa.gov,$2a$04$nm1xGkKswEmXFlaVhehHR.KLop.q/cdFP.mCcdcK2ilWjz2lLj0TO
956,fkingwellqj,lorpyneqj@xing.com,$2a$04$Tg5pwdU4WTaN6VnZruoJGe4P16G3HOVOX0fl9BZ9Y7twu1cg7dQxi
957,jwathanqk,mchettleqk@booking.com,$2a$04$f8WcyKyk/ZjWKSznXzqI9O.X6XbF3ak5b1rTZjFmW1.9LR.fMWfba
958,lgrollql,sachromovql@4shared.com,$2a$04$6iE0jB6EB/UYt2fSVuUt/.tCdNOkjnhFmuUI7PL5whOLrWhNxsWNW
959,ishirlawqm,djaegarqm@livejournal.com,$2a$04$TnAAcA0QIrdjz2JCgo6RgOEXtVGsKP9opnSpQ8Nx4TmhU/Y0NZTHG
960,rswiffenqn,eoehmeqn@uol.com.br,$2a$04$OUcImFvL9cS7xnQG3k/zi.knZu8NR9sKi6aBfNI1Fnle/CDM/Ps.G
961,awaddinghamqo,vbolithoqo@ucla.edu,$2a$04$57PJc54wZLbhXQBVIjBOwOsl6epIk82ewAsmIjE/f.YcQGkzld.Kq
962,efaldoeqp,lmccheyneqp@army.mil,$2a$04$YRwlJaCmyg2EsqzMpGhvDeuYCZ7SkyFsbI0r/e/X6ZtcZLjpgDBZi
963,glyptrattqq,eetonqq@tiny.cc,$2a$04$dr/Ypgdsc1jDA.v3BULoXelAqPQ7q58Ndrd0qOr/U/ZweJ6zzAXSa
964,mbesqr,vyettsqr@adobe.com,$2a$04$yCwCDIkBH0O9Jum/yyIHEuHSEDwDK6kpA1Vncfqs2Htd9twBwFczC
965,htwinborneqs,mbargeqs@geocities.jp,$2a$04$RL1bKhIUojDNqF7fex5fFeRdGR5tgKnDTPbiyi2iP9i4xvoqQ8qjK
966,sarmesqt,abenmoreqt@cpanel.net,$2a$04$vNUnlRtPhIml/5Z7xefGxu9Ki8/fcmqrNi2lqn7svu/j0.KwTIIkW
967,aferroniqu,abosmaqu@weibo.com,$2a$04$FxAusVe8LvOSpnpIY/mr1O0IReGAM6W6hfgcb1bVGD3JYF9EXRQW6
968,lbrandrethqv,wshouldersqv@desdev.cn,$2a$04$e5RyYPWUtvxpbXE5jxc62uTW8lVjE2VOp1ADwJexb3HLgwTxAR0t.
969,gforsonqw,mlongworthyqw@chronoengine.com,$2a$04$YLuPq8fBr/JJdfvIHU7rgeVEBemlpM/s327WzomjZmE70A/f3GC2K
970,cmacewanqx,bwhimpennyqx@theatlantic.com,$2a$04$/8usb/wTYav2VQJ0fwq60.88MkiWfROFPImwjfaG2qBIFo2DbR0/6
971,aapplefordqy,ekaindlqy@etsy.com,$2a$04$6KfGh74abffL15pT/AKcgemh4Zku0TzJEQHNxLMWFbbnjd288fwE2
972,bwheatcroftqz,sciubutaroqz@jigsy.com,$2a$04$AsG2SWvxCaMWY31IUwmlbeQMtzzXlgLtstlKnnX7uqz5000Q2b83u
973,truddickr0,dstreetonr0@umich.edu,$2a$04$rqeU2HwHXf8jvfwAWVyyo.AamRVXLOA.5L4wwbNeuL2ufaii1W6cW
974,cbuerr1,jpetrollir1@skyrock.com,$2a$04$xAojVyMJaADhkV.rRxu3I.SsXMebvgHBDpzfRGLqFKH1WvfztpH9q
975,kfeldhuhnr2,bpyserr2@epa.gov,$2a$04$Da1tEUMWTP8d7FNRYdIfDudtQocX99D2VEFksmGBYu7h2qAOmzk/2
976,aphilippardr3,nhuckerber3@shutterfly.com,$2a$04$fSGb9FxAsT9NAdnKM1LHZOcD10dhd49l9gvCR04ZbIURsBobIaTCy
977,rnisbetr4,dbrownjohnr4@hexun.com,$2a$04$YTQ6ufDEBzLZKBVXNxFAzOE5Y/8AGjO577vIODfwijHS/4slgoI2a
978,nackwoodr5,akezorr5@google.cn,$2a$04$O/gfSHy87/eBY90sDxmAwO1AaiDgBM//W95wFJr6ey/t6Tt7iygBy
979,fpurringtonr6,jadeyr6@admin.ch,$2a$04$CfpIsfkPyWMuV425Z6w8au4k0iOgCbXFiyfd2pYiVulqRIyx9byde
980,vbrackenburyr7,jtansleyr7@mashable.com,$2a$04$Kp7ZE3T6ivxttBcUc.ORz.Bl2Xx1UVfuLsQdjOJNcI3PWxAXAbO2i
981,dcollmanr8,bberthelmotr8@apache.org,$2a$04$L5Hy2lVg.7Kbqj72pwfcO.7FDetvNdO8KSRKI.CacTVmCicGzjM7q
982,zmcallesterr9,gcoxr9@npr.org,$2a$04$1YyrLoc0q73dxWQzm9OfgeB1cyIb4LFo0ssx1.2XDwK9U17rgIYcG
983,mtoffaninira,jdongallra@technorati.com,$2a$04$/HpDYoYhlGNrwcqhmZDjJuApuvUVVsV92wzTemPly541/ZZ2ZPyRK
984,cleggettrb,jcherringtonrb@t-online.de,$2a$04$CM.7nlrR3mq4nLeioJ5LYekxK9CJ2y.cx8lO5iDDDo3i./l4YuD/q
985,acorderyrc,ndackomberc@foxnews.com,$2a$04$hSr0T2Tw8DlkRj4xVATmzeEUYnX2T0ogLS.m.YdZQgRP0FSWE5RaC
986,srosparsrd,tvaskinrd@oakley.com,$2a$04$AdK..hUyO.JNGdznsRe58u6oUCjBW0.Ya.5pYyEcoG0.1Cqxc0eoK
987,wsabbertonre,lpettefordre@cdbaby.com,$2a$04$/vJFuBhiklefewuuCQRckeYsFo/fZVv70MeG7eEFoFM4urKzi/bee
988,tbundyrf,mskeelsrf@edublogs.org,$2a$04$v.eBAriGJWvkvfqFgyp2eOqNovyebX4VjYVqLQ7dJGC19BWuKGsMG
989,jleveringtonrg,emontesrg@aboutads.info,$2a$04$oqbSrNu0uyF6/NpZkUDMneLz.DULRt1TmqaRNckxp.BvG9O8w0WMG
990,lwitherbyrh,sboobyerrh@istockphoto.com,$2a$04$P6R80OinIB6OdF6lE8EOD.8e7p/.dl08VX.F0JTxXu9GDbHB0imxq
991,sepelettri,gneilandsri@dmoz.org,$2a$04$WUkbUzAp7hczB3o6YFCUCe6lAMpNjc0ClYWUe.OlxPyoFtM7Jzg/y
992,ljodrellecrj,cbenedekrj@nbcnews.com,$2a$04$brIt0EVL.1yqbNT0SQCDvOxYM6Se0CJ0t6F9lyTf.fnKoVmGLBHhC
993,alloydsrk,etabbrk@blogger.com,$2a$04$f23k5eiSuPtbyCQU8pYGDuSSDM3w3DnbFGphdeLEYxDb8SdHUYzXa
994,dseakesrl,abygreavesrl@discovery.com,$2a$04$aEBPkSakM5d7zZOsjODkzuD2n/CUjjNuUXPt1bilrKi3DFwgtARFO
995,jgendrickerm,hreddickrm@creativecommons.org,$2a$04$fDwwCPzsKWjlxRyhcWeiTuy36g2Kps7XRAJ8zR6ea08x3KbjCriHO
996,achartmanrn,tsprionghallrn@1688.com,$2a$04$M6zhox/YMJzekNCU1Htf9.EHAW3mM3UUpKYAuqtgLHfTYoIJfzCre
997,rmccardro,wdecourceyro@ovh.net,$2a$04$x5CleAdKgXRpaNBA84SU4eLBEwi8D77zK8fx.O2Fl.hzpVPmoH9e6
998,wcufferp,rbestonrp@ow.ly,$2a$04$Toj0wivPuLlZTfcojOXkDOY03MXGLd35ZKNR565tINbaimV34Xyxm
999,lcrasterrq,kwillderrq@moonfruit.com,$2a$04$V.udo1HaapgSFfcyaFCjTOTjHGPFBksN9Q.rY4XOYeEXkEwMuyy0W
1000,kchaucerrr,oosbornrr@xrea.com,$2a$04$KwcHnsOvX/kLKl9DxudGueFWaVXU015lO2oBuaZT.LkRDKS5NdmTy
